--------------------------------------------------------
--  File created - poniedzia³ek-grudnia-09-2024   
--------------------------------------------------------
--------------------------------------------------------
--  DDL for Table COUNTRIES
--------------------------------------------------------

  CREATE TABLE "COUNTRIES" 
   (	"COUNTRY_ID" CHAR(2 BYTE), 
	"COUNTRY_NAME" VARCHAR2(40 BYTE), 
	"REGION_ID" NUMBER
   ) SEGMENT CREATION IMMEDIATE 
  PCTFREE 10 PCTUSED 40 INITRANS 1 MAXTRANS 255 
 NOCOMPRESS LOGGING
  STORAGE(INITIAL 65536 NEXT 1048576 MINEXTENTS 1 MAXEXTENTS 2147483645
  PCTINCREASE 0 FREELISTS 1 FREELIST GROUPS 1
  BUFFER_POOL DEFAULT FLASH_CACHE DEFAULT CELL_FLASH_CACHE DEFAULT)
  TABLESPACE "USERS" ;
--------------------------------------------------------
--  DDL for Table DEPARTMENTS
--------------------------------------------------------

  CREATE TABLE "DEPARTMENTS" 
   (	"DEPARTMENT_ID" NUMBER(4,0), 
	"DEPARTMENT_NAME" VARCHAR2(30 BYTE), 
	"MANAGER_ID" NUMBER(6,0), 
	"LOCATION_ID" NUMBER(4,0)
   ) SEGMENT CREATION IMMEDIATE 
  PCTFREE 10 PCTUSED 40 INITRANS 1 MAXTRANS 255 
 NOCOMPRESS LOGGING
  STORAGE(INITIAL 65536 NEXT 1048576 MINEXTENTS 1 MAXEXTENTS 2147483645
  PCTINCREASE 0 FREELISTS 1 FREELIST GROUPS 1
  BUFFER_POOL DEFAULT FLASH_CACHE DEFAULT CELL_FLASH_CACHE DEFAULT)
  TABLESPACE "USERS" ;
--------------------------------------------------------
--  DDL for Table EMPLOYEES
--------------------------------------------------------

  CREATE TABLE "EMPLOYEES" 
   (	"EMPLOYEE_ID" NUMBER(6,0), 
	"FIRST_NAME" VARCHAR2(20 BYTE), 
	"LAST_NAME" VARCHAR2(25 BYTE), 
	"EMAIL" VARCHAR2(25 BYTE), 
	"PHONE_NUMBER" VARCHAR2(20 BYTE), 
	"HIRE_DATE" DATE, 
	"JOB_ID" VARCHAR2(10 BYTE), 
	"SALARY" NUMBER(8,2), 
	"COMMISSION_PCT" NUMBER(2,2), 
	"MANAGER_ID" NUMBER(6,0), 
	"DEPARTMENT_ID" NUMBER(4,0)
   ) SEGMENT CREATION IMMEDIATE 
  PCTFREE 10 PCTUSED 40 INITRANS 1 MAXTRANS 255 
 NOCOMPRESS LOGGING
  STORAGE(INITIAL 65536 NEXT 1048576 MINEXTENTS 1 MAXEXTENTS 2147483645
  PCTINCREASE 0 FREELISTS 1 FREELIST GROUPS 1
  BUFFER_POOL DEFAULT FLASH_CACHE DEFAULT CELL_FLASH_CACHE DEFAULT)
  TABLESPACE "USERS" ;
--------------------------------------------------------
--  DDL for Table JOB_GRADES
--------------------------------------------------------

  CREATE TABLE "JOB_GRADES" 
   (	"GRADE" CHAR(1 BYTE), 
	"MIN_SALARY" NUMBER(*,0), 
	"MAX_SALARY" NUMBER(*,0)
   ) SEGMENT CREATION IMMEDIATE 
  PCTFREE 10 PCTUSED 40 INITRANS 1 MAXTRANS 255 
 NOCOMPRESS LOGGING
  STORAGE(INITIAL 65536 NEXT 1048576 MINEXTENTS 1 MAXEXTENTS 2147483645
  PCTINCREASE 0 FREELISTS 1 FREELIST GROUPS 1
  BUFFER_POOL DEFAULT FLASH_CACHE DEFAULT CELL_FLASH_CACHE DEFAULT)
  TABLESPACE "USERS" ;
--------------------------------------------------------
--  DDL for Table JOB_HISTORY
--------------------------------------------------------

  CREATE TABLE "JOB_HISTORY" 
   (	"EMPLOYEE_ID" NUMBER(6,0), 
	"START_DATE" DATE, 
	"END_DATE" DATE, 
	"JOB_ID" VARCHAR2(10 BYTE), 
	"DEPARTMENT_ID" NUMBER(4,0)
   ) SEGMENT CREATION IMMEDIATE 
  PCTFREE 10 PCTUSED 40 INITRANS 1 MAXTRANS 255 
 NOCOMPRESS LOGGING
  STORAGE(INITIAL 65536 NEXT 1048576 MINEXTENTS 1 MAXEXTENTS 2147483645
  PCTINCREASE 0 FREELISTS 1 FREELIST GROUPS 1
  BUFFER_POOL DEFAULT FLASH_CACHE DEFAULT CELL_FLASH_CACHE DEFAULT)
  TABLESPACE "USERS" ;
--------------------------------------------------------
--  DDL for Table JOBS
--------------------------------------------------------

  CREATE TABLE "JOBS" 
   (	"JOB_ID" VARCHAR2(10 BYTE), 
	"JOB_TITLE" VARCHAR2(35 BYTE), 
	"MIN_SALARY" NUMBER(6,0), 
	"MAX_SALARY" NUMBER(6,0)
   ) SEGMENT CREATION IMMEDIATE 
  PCTFREE 10 PCTUSED 40 INITRANS 1 MAXTRANS 255 
 NOCOMPRESS LOGGING
  STORAGE(INITIAL 65536 NEXT 1048576 MINEXTENTS 1 MAXEXTENTS 2147483645
  PCTINCREASE 0 FREELISTS 1 FREELIST GROUPS 1
  BUFFER_POOL DEFAULT FLASH_CACHE DEFAULT CELL_FLASH_CACHE DEFAULT)
  TABLESPACE "USERS" ;
--------------------------------------------------------
--  DDL for Table LOCATIONS
--------------------------------------------------------

  CREATE TABLE "LOCATIONS" 
   (	"LOCATION_ID" NUMBER(4,0), 
	"STREET_ADDRESS" VARCHAR2(40 BYTE), 
	"POSTAL_CODE" VARCHAR2(12 BYTE), 
	"CITY" VARCHAR2(30 BYTE), 
	"STATE_PROVINCE" VARCHAR2(25 BYTE), 
	"COUNTRY_ID" CHAR(2 BYTE)
   ) SEGMENT CREATION IMMEDIATE 
  PCTFREE 10 PCTUSED 40 INITRANS 1 MAXTRANS 255 
 NOCOMPRESS LOGGING
  STORAGE(INITIAL 65536 NEXT 1048576 MINEXTENTS 1 MAXEXTENTS 2147483645
  PCTINCREASE 0 FREELISTS 1 FREELIST GROUPS 1
  BUFFER_POOL DEFAULT FLASH_CACHE DEFAULT CELL_FLASH_CACHE DEFAULT)
  TABLESPACE "USERS" ;
--------------------------------------------------------
--  DDL for Table PRODUCTS
--------------------------------------------------------

  CREATE TABLE "PRODUCTS" 
   (	"PRODUCT_ID" NUMBER, 
	"PRODUCT_NAME" VARCHAR2(40 BYTE), 
	"PRODUCT_CATEGORY" VARCHAR2(40 BYTE)
   ) SEGMENT CREATION IMMEDIATE 
  PCTFREE 10 PCTUSED 40 INITRANS 1 MAXTRANS 255 
 NOCOMPRESS LOGGING
  STORAGE(INITIAL 65536 NEXT 1048576 MINEXTENTS 1 MAXEXTENTS 2147483645
  PCTINCREASE 0 FREELISTS 1 FREELIST GROUPS 1
  BUFFER_POOL DEFAULT FLASH_CACHE DEFAULT CELL_FLASH_CACHE DEFAULT)
  TABLESPACE "USERS" ;
--------------------------------------------------------
--  DDL for Table REGIONS
--------------------------------------------------------

  CREATE TABLE "REGIONS" 
   (	"REGION_ID" NUMBER, 
	"REGION_NAME" VARCHAR2(25 BYTE)
   ) SEGMENT CREATION IMMEDIATE 
  PCTFREE 10 PCTUSED 40 INITRANS 1 MAXTRANS 255 
 NOCOMPRESS LOGGING
  STORAGE(INITIAL 65536 NEXT 1048576 MINEXTENTS 1 MAXEXTENTS 2147483645
  PCTINCREASE 0 FREELISTS 1 FREELIST GROUPS 1
  BUFFER_POOL DEFAULT FLASH_CACHE DEFAULT CELL_FLASH_CACHE DEFAULT)
  TABLESPACE "USERS" ;
--------------------------------------------------------
--  DDL for Table SALES
--------------------------------------------------------

  CREATE TABLE "SALES" 
   (	"SALE_ID" NUMBER, 
	"SALE_DATE" DATE, 
	"QUANTITY" NUMBER(*,0), 
	"PRICE" NUMBER(20,2), 
	"EMPLOYEE_ID" NUMBER(*,0), 
	"PRODUCT_ID" NUMBER
   ) SEGMENT CREATION IMMEDIATE 
  PCTFREE 10 PCTUSED 40 INITRANS 1 MAXTRANS 255 
 NOCOMPRESS LOGGING
  STORAGE(INITIAL 65536 NEXT 1048576 MINEXTENTS 1 MAXEXTENTS 2147483645
  PCTINCREASE 0 FREELISTS 1 FREELIST GROUPS 1
  BUFFER_POOL DEFAULT FLASH_CACHE DEFAULT CELL_FLASH_CACHE DEFAULT)
  TABLESPACE "USERS" ;
REM INSERTING into COUNTRIES
SET DEFINE OFF;
Insert into COUNTRIES (COUNTRY_ID,COUNTRY_NAME,REGION_ID) values ('AR','Argentina','2');
Insert into COUNTRIES (COUNTRY_ID,COUNTRY_NAME,REGION_ID) values ('AU','Australia','3');
Insert into COUNTRIES (COUNTRY_ID,COUNTRY_NAME,REGION_ID) values ('BE','Belgium','1');
Insert into COUNTRIES (COUNTRY_ID,COUNTRY_NAME,REGION_ID) values ('BR','Brazil','2');
Insert into COUNTRIES (COUNTRY_ID,COUNTRY_NAME,REGION_ID) values ('CA','Canada','2');
Insert into COUNTRIES (COUNTRY_ID,COUNTRY_NAME,REGION_ID) values ('CH','Switzerland','1');
Insert into COUNTRIES (COUNTRY_ID,COUNTRY_NAME,REGION_ID) values ('CN','China','3');
Insert into COUNTRIES (COUNTRY_ID,COUNTRY_NAME,REGION_ID) values ('DE','Germany','1');
Insert into COUNTRIES (COUNTRY_ID,COUNTRY_NAME,REGION_ID) values ('DK','Denmark','1');
Insert into COUNTRIES (COUNTRY_ID,COUNTRY_NAME,REGION_ID) values ('EG','Egypt','4');
Insert into COUNTRIES (COUNTRY_ID,COUNTRY_NAME,REGION_ID) values ('FR','France','1');
Insert into COUNTRIES (COUNTRY_ID,COUNTRY_NAME,REGION_ID) values ('IL','Israel','4');
Insert into COUNTRIES (COUNTRY_ID,COUNTRY_NAME,REGION_ID) values ('IN','India','3');
Insert into COUNTRIES (COUNTRY_ID,COUNTRY_NAME,REGION_ID) values ('IT','Italy','1');
Insert into COUNTRIES (COUNTRY_ID,COUNTRY_NAME,REGION_ID) values ('JP','Japan','3');
Insert into COUNTRIES (COUNTRY_ID,COUNTRY_NAME,REGION_ID) values ('KW','Kuwait','4');
Insert into COUNTRIES (COUNTRY_ID,COUNTRY_NAME,REGION_ID) values ('ML','Malaysia','3');
Insert into COUNTRIES (COUNTRY_ID,COUNTRY_NAME,REGION_ID) values ('MX','Mexico','2');
Insert into COUNTRIES (COUNTRY_ID,COUNTRY_NAME,REGION_ID) values ('NG','Nigeria','4');
Insert into COUNTRIES (COUNTRY_ID,COUNTRY_NAME,REGION_ID) values ('NL','Netherlands','1');
Insert into COUNTRIES (COUNTRY_ID,COUNTRY_NAME,REGION_ID) values ('SG','Singapore','3');
Insert into COUNTRIES (COUNTRY_ID,COUNTRY_NAME,REGION_ID) values ('UK','United Kingdom','1');
Insert into COUNTRIES (COUNTRY_ID,COUNTRY_NAME,REGION_ID) values ('US','United States of America','2');
Insert into COUNTRIES (COUNTRY_ID,COUNTRY_NAME,REGION_ID) values ('ZM','Zambia','4');
Insert into COUNTRIES (COUNTRY_ID,COUNTRY_NAME,REGION_ID) values ('ZW','Zimbabwe','4');
REM INSERTING into DEPARTMENTS
SET DEFINE OFF;
Insert into DEPARTMENTS (DEPARTMENT_ID,DEPARTMENT_NAME,MANAGER_ID,LOCATION_ID) values ('10','Administration','200','1700');
Insert into DEPARTMENTS (DEPARTMENT_ID,DEPARTMENT_NAME,MANAGER_ID,LOCATION_ID) values ('20','Marketing','201','1800');
Insert into DEPARTMENTS (DEPARTMENT_ID,DEPARTMENT_NAME,MANAGER_ID,LOCATION_ID) values ('30','Purchasing','114','1700');
Insert into DEPARTMENTS (DEPARTMENT_ID,DEPARTMENT_NAME,MANAGER_ID,LOCATION_ID) values ('40','Human Resources','203','2400');
Insert into DEPARTMENTS (DEPARTMENT_ID,DEPARTMENT_NAME,MANAGER_ID,LOCATION_ID) values ('50','Shipping','121','1500');
Insert into DEPARTMENTS (DEPARTMENT_ID,DEPARTMENT_NAME,MANAGER_ID,LOCATION_ID) values ('60','IT','103','1400');
Insert into DEPARTMENTS (DEPARTMENT_ID,DEPARTMENT_NAME,MANAGER_ID,LOCATION_ID) values ('70','Public Relations','204','2700');
Insert into DEPARTMENTS (DEPARTMENT_ID,DEPARTMENT_NAME,MANAGER_ID,LOCATION_ID) values ('80','Sales','145','2500');
Insert into DEPARTMENTS (DEPARTMENT_ID,DEPARTMENT_NAME,MANAGER_ID,LOCATION_ID) values ('90','Executive','100','1700');
Insert into DEPARTMENTS (DEPARTMENT_ID,DEPARTMENT_NAME,MANAGER_ID,LOCATION_ID) values ('100','Finance','108','1700');
Insert into DEPARTMENTS (DEPARTMENT_ID,DEPARTMENT_NAME,MANAGER_ID,LOCATION_ID) values ('110','Accounting','205','1700');
Insert into DEPARTMENTS (DEPARTMENT_ID,DEPARTMENT_NAME,MANAGER_ID,LOCATION_ID) values ('120','Treasury',null,'1700');
Insert into DEPARTMENTS (DEPARTMENT_ID,DEPARTMENT_NAME,MANAGER_ID,LOCATION_ID) values ('130','Corporate Tax',null,'1700');
Insert into DEPARTMENTS (DEPARTMENT_ID,DEPARTMENT_NAME,MANAGER_ID,LOCATION_ID) values ('140','Control And Credit',null,'1700');
Insert into DEPARTMENTS (DEPARTMENT_ID,DEPARTMENT_NAME,MANAGER_ID,LOCATION_ID) values ('150','Shareholder Services',null,'1700');
Insert into DEPARTMENTS (DEPARTMENT_ID,DEPARTMENT_NAME,MANAGER_ID,LOCATION_ID) values ('160','Benefits',null,'1700');
Insert into DEPARTMENTS (DEPARTMENT_ID,DEPARTMENT_NAME,MANAGER_ID,LOCATION_ID) values ('170','Manufacturing',null,'1700');
Insert into DEPARTMENTS (DEPARTMENT_ID,DEPARTMENT_NAME,MANAGER_ID,LOCATION_ID) values ('180','Construction',null,'1700');
Insert into DEPARTMENTS (DEPARTMENT_ID,DEPARTMENT_NAME,MANAGER_ID,LOCATION_ID) values ('190','Contracting',null,'1700');
Insert into DEPARTMENTS (DEPARTMENT_ID,DEPARTMENT_NAME,MANAGER_ID,LOCATION_ID) values ('200','Operations',null,'1700');
Insert into DEPARTMENTS (DEPARTMENT_ID,DEPARTMENT_NAME,MANAGER_ID,LOCATION_ID) values ('210','IT Support',null,'1700');
Insert into DEPARTMENTS (DEPARTMENT_ID,DEPARTMENT_NAME,MANAGER_ID,LOCATION_ID) values ('220','NOC',null,'1700');
Insert into DEPARTMENTS (DEPARTMENT_ID,DEPARTMENT_NAME,MANAGER_ID,LOCATION_ID) values ('230','IT Helpdesk',null,'1700');
Insert into DEPARTMENTS (DEPARTMENT_ID,DEPARTMENT_NAME,MANAGER_ID,LOCATION_ID) values ('240','Government Sales',null,'1700');
Insert into DEPARTMENTS (DEPARTMENT_ID,DEPARTMENT_NAME,MANAGER_ID,LOCATION_ID) values ('250','Retail Sales',null,'1700');
Insert into DEPARTMENTS (DEPARTMENT_ID,DEPARTMENT_NAME,MANAGER_ID,LOCATION_ID) values ('260','Recruiting',null,'1700');
Insert into DEPARTMENTS (DEPARTMENT_ID,DEPARTMENT_NAME,MANAGER_ID,LOCATION_ID) values ('270','Payroll',null,'1700');
REM INSERTING into EMPLOYEES
SET DEFINE OFF;
Insert into EMPLOYEES (EMPLOYEE_ID,FIRST_NAME,LAST_NAME,EMAIL,PHONE_NUMBER,HIRE_DATE,JOB_ID,SALARY,COMMISSION_PCT,MANAGER_ID,DEPARTMENT_ID) values ('100','Steven','King','SKING','515.123.4567',to_date('03/06/17','RR/MM/DD'),'AD_PRES','24000',null,null,'90');
Insert into EMPLOYEES (EMPLOYEE_ID,FIRST_NAME,LAST_NAME,EMAIL,PHONE_NUMBER,HIRE_DATE,JOB_ID,SALARY,COMMISSION_PCT,MANAGER_ID,DEPARTMENT_ID) values ('101','Neena','Kochhar','NKOCHHAR','515.123.4568',to_date('05/09/21','RR/MM/DD'),'AD_VP','17000',null,'100','90');
Insert into EMPLOYEES (EMPLOYEE_ID,FIRST_NAME,LAST_NAME,EMAIL,PHONE_NUMBER,HIRE_DATE,JOB_ID,SALARY,COMMISSION_PCT,MANAGER_ID,DEPARTMENT_ID) values ('102','Lex','De Haan','LDEHAAN','515.123.4569',to_date('01/01/13','RR/MM/DD'),'AD_VP','17000',null,'100','90');
Insert into EMPLOYEES (EMPLOYEE_ID,FIRST_NAME,LAST_NAME,EMAIL,PHONE_NUMBER,HIRE_DATE,JOB_ID,SALARY,COMMISSION_PCT,MANAGER_ID,DEPARTMENT_ID) values ('103','Alexander','Hunold','AHUNOLD','590.423.4567',to_date('06/01/03','RR/MM/DD'),'IT_PROG','9000',null,'102','60');
Insert into EMPLOYEES (EMPLOYEE_ID,FIRST_NAME,LAST_NAME,EMAIL,PHONE_NUMBER,HIRE_DATE,JOB_ID,SALARY,COMMISSION_PCT,MANAGER_ID,DEPARTMENT_ID) values ('104','Bruce','Ernst','BERNST','590.423.4568',to_date('07/05/21','RR/MM/DD'),'IT_PROG','6000',null,'103','60');
Insert into EMPLOYEES (EMPLOYEE_ID,FIRST_NAME,LAST_NAME,EMAIL,PHONE_NUMBER,HIRE_DATE,JOB_ID,SALARY,COMMISSION_PCT,MANAGER_ID,DEPARTMENT_ID) values ('105','David','Austin','DAUSTIN','590.423.4569',to_date('05/06/25','RR/MM/DD'),'IT_PROG','4800',null,'103','60');
Insert into EMPLOYEES (EMPLOYEE_ID,FIRST_NAME,LAST_NAME,EMAIL,PHONE_NUMBER,HIRE_DATE,JOB_ID,SALARY,COMMISSION_PCT,MANAGER_ID,DEPARTMENT_ID) values ('106','Valli','Pataballa','VPATABAL','590.423.4560',to_date('06/02/05','RR/MM/DD'),'IT_PROG','4800',null,'103','60');
Insert into EMPLOYEES (EMPLOYEE_ID,FIRST_NAME,LAST_NAME,EMAIL,PHONE_NUMBER,HIRE_DATE,JOB_ID,SALARY,COMMISSION_PCT,MANAGER_ID,DEPARTMENT_ID) values ('107','Diana','Lorentz','DLORENTZ','590.423.5567',to_date('07/02/07','RR/MM/DD'),'IT_PROG','4200',null,'103','60');
Insert into EMPLOYEES (EMPLOYEE_ID,FIRST_NAME,LAST_NAME,EMAIL,PHONE_NUMBER,HIRE_DATE,JOB_ID,SALARY,COMMISSION_PCT,MANAGER_ID,DEPARTMENT_ID) values ('108','Nancy','Greenberg','NGREENBE','515.124.4569',to_date('02/08/17','RR/MM/DD'),'FI_MGR','12008',null,'101','100');
Insert into EMPLOYEES (EMPLOYEE_ID,FIRST_NAME,LAST_NAME,EMAIL,PHONE_NUMBER,HIRE_DATE,JOB_ID,SALARY,COMMISSION_PCT,MANAGER_ID,DEPARTMENT_ID) values ('109','Daniel','Faviet','DFAVIET','515.124.4169',to_date('02/08/16','RR/MM/DD'),'FI_ACCOUNT','9000',null,'108','100');
Insert into EMPLOYEES (EMPLOYEE_ID,FIRST_NAME,LAST_NAME,EMAIL,PHONE_NUMBER,HIRE_DATE,JOB_ID,SALARY,COMMISSION_PCT,MANAGER_ID,DEPARTMENT_ID) values ('110','John','Chen','JCHEN','515.124.4269',to_date('05/09/28','RR/MM/DD'),'FI_ACCOUNT','8200',null,'108','100');
Insert into EMPLOYEES (EMPLOYEE_ID,FIRST_NAME,LAST_NAME,EMAIL,PHONE_NUMBER,HIRE_DATE,JOB_ID,SALARY,COMMISSION_PCT,MANAGER_ID,DEPARTMENT_ID) values ('111','Ismael','Sciarra','ISCIARRA','515.124.4369',to_date('05/09/30','RR/MM/DD'),'FI_ACCOUNT','7700',null,'108','100');
Insert into EMPLOYEES (EMPLOYEE_ID,FIRST_NAME,LAST_NAME,EMAIL,PHONE_NUMBER,HIRE_DATE,JOB_ID,SALARY,COMMISSION_PCT,MANAGER_ID,DEPARTMENT_ID) values ('112','Jose Manuel','Urman','JMURMAN','515.124.4469',to_date('06/03/07','RR/MM/DD'),'FI_ACCOUNT','7800',null,'108','100');
Insert into EMPLOYEES (EMPLOYEE_ID,FIRST_NAME,LAST_NAME,EMAIL,PHONE_NUMBER,HIRE_DATE,JOB_ID,SALARY,COMMISSION_PCT,MANAGER_ID,DEPARTMENT_ID) values ('113','Luis','Popp','LPOPP','515.124.4567',to_date('07/12/07','RR/MM/DD'),'FI_ACCOUNT','6900',null,'108','100');
Insert into EMPLOYEES (EMPLOYEE_ID,FIRST_NAME,LAST_NAME,EMAIL,PHONE_NUMBER,HIRE_DATE,JOB_ID,SALARY,COMMISSION_PCT,MANAGER_ID,DEPARTMENT_ID) values ('114','Den','Raphaely','DRAPHEAL','515.127.4561',to_date('02/12/07','RR/MM/DD'),'PU_MAN','11000',null,'100','30');
Insert into EMPLOYEES (EMPLOYEE_ID,FIRST_NAME,LAST_NAME,EMAIL,PHONE_NUMBER,HIRE_DATE,JOB_ID,SALARY,COMMISSION_PCT,MANAGER_ID,DEPARTMENT_ID) values ('115','Alexander','Khoo','AKHOO','515.127.4562',to_date('03/05/18','RR/MM/DD'),'PU_CLERK','3100',null,'114','30');
Insert into EMPLOYEES (EMPLOYEE_ID,FIRST_NAME,LAST_NAME,EMAIL,PHONE_NUMBER,HIRE_DATE,JOB_ID,SALARY,COMMISSION_PCT,MANAGER_ID,DEPARTMENT_ID) values ('116','Shelli','Baida','SBAIDA','515.127.4563',to_date('05/12/24','RR/MM/DD'),'PU_CLERK','2900',null,'114','30');
Insert into EMPLOYEES (EMPLOYEE_ID,FIRST_NAME,LAST_NAME,EMAIL,PHONE_NUMBER,HIRE_DATE,JOB_ID,SALARY,COMMISSION_PCT,MANAGER_ID,DEPARTMENT_ID) values ('117','Sigal','Tobias','STOBIAS','515.127.4564',to_date('05/07/24','RR/MM/DD'),'PU_CLERK','2800',null,'114','30');
Insert into EMPLOYEES (EMPLOYEE_ID,FIRST_NAME,LAST_NAME,EMAIL,PHONE_NUMBER,HIRE_DATE,JOB_ID,SALARY,COMMISSION_PCT,MANAGER_ID,DEPARTMENT_ID) values ('118','Guy','Himuro','GHIMURO','515.127.4565',to_date('06/11/15','RR/MM/DD'),'PU_CLERK','2600',null,'114','30');
Insert into EMPLOYEES (EMPLOYEE_ID,FIRST_NAME,LAST_NAME,EMAIL,PHONE_NUMBER,HIRE_DATE,JOB_ID,SALARY,COMMISSION_PCT,MANAGER_ID,DEPARTMENT_ID) values ('119','Karen','Colmenares','KCOLMENA','515.127.4566',to_date('07/08/10','RR/MM/DD'),'PU_CLERK','2500',null,'114','30');
Insert into EMPLOYEES (EMPLOYEE_ID,FIRST_NAME,LAST_NAME,EMAIL,PHONE_NUMBER,HIRE_DATE,JOB_ID,SALARY,COMMISSION_PCT,MANAGER_ID,DEPARTMENT_ID) values ('120','Matthew','Weiss','MWEISS','650.123.1234',to_date('04/07/18','RR/MM/DD'),'ST_MAN','8000',null,'100','50');
Insert into EMPLOYEES (EMPLOYEE_ID,FIRST_NAME,LAST_NAME,EMAIL,PHONE_NUMBER,HIRE_DATE,JOB_ID,SALARY,COMMISSION_PCT,MANAGER_ID,DEPARTMENT_ID) values ('121','Adam','Fripp','AFRIPP','650.123.2234',to_date('05/04/10','RR/MM/DD'),'ST_MAN','8200',null,'100','50');
Insert into EMPLOYEES (EMPLOYEE_ID,FIRST_NAME,LAST_NAME,EMAIL,PHONE_NUMBER,HIRE_DATE,JOB_ID,SALARY,COMMISSION_PCT,MANAGER_ID,DEPARTMENT_ID) values ('122','Payam','Kaufling','PKAUFLIN','650.123.3234',to_date('03/05/01','RR/MM/DD'),'ST_MAN','7900',null,'100','50');
Insert into EMPLOYEES (EMPLOYEE_ID,FIRST_NAME,LAST_NAME,EMAIL,PHONE_NUMBER,HIRE_DATE,JOB_ID,SALARY,COMMISSION_PCT,MANAGER_ID,DEPARTMENT_ID) values ('123','Shanta','Vollman','SVOLLMAN','650.123.4234',to_date('05/10/10','RR/MM/DD'),'ST_MAN','6500',null,'100','50');
Insert into EMPLOYEES (EMPLOYEE_ID,FIRST_NAME,LAST_NAME,EMAIL,PHONE_NUMBER,HIRE_DATE,JOB_ID,SALARY,COMMISSION_PCT,MANAGER_ID,DEPARTMENT_ID) values ('124','Kevin','Mourgos','KMOURGOS','650.123.5234',to_date('07/11/16','RR/MM/DD'),'ST_MAN','5800',null,'100','50');
Insert into EMPLOYEES (EMPLOYEE_ID,FIRST_NAME,LAST_NAME,EMAIL,PHONE_NUMBER,HIRE_DATE,JOB_ID,SALARY,COMMISSION_PCT,MANAGER_ID,DEPARTMENT_ID) values ('125','Julia','Nayer','JNAYER','650.124.1214',to_date('05/07/16','RR/MM/DD'),'ST_CLERK','3200',null,'120','50');
Insert into EMPLOYEES (EMPLOYEE_ID,FIRST_NAME,LAST_NAME,EMAIL,PHONE_NUMBER,HIRE_DATE,JOB_ID,SALARY,COMMISSION_PCT,MANAGER_ID,DEPARTMENT_ID) values ('126','Irene','Mikkilineni','IMIKKILI','650.124.1224',to_date('06/09/28','RR/MM/DD'),'ST_CLERK','2700',null,'120','50');
Insert into EMPLOYEES (EMPLOYEE_ID,FIRST_NAME,LAST_NAME,EMAIL,PHONE_NUMBER,HIRE_DATE,JOB_ID,SALARY,COMMISSION_PCT,MANAGER_ID,DEPARTMENT_ID) values ('127','James','Landry','JLANDRY','650.124.1334',to_date('07/01/14','RR/MM/DD'),'ST_CLERK','2400',null,'120','50');
Insert into EMPLOYEES (EMPLOYEE_ID,FIRST_NAME,LAST_NAME,EMAIL,PHONE_NUMBER,HIRE_DATE,JOB_ID,SALARY,COMMISSION_PCT,MANAGER_ID,DEPARTMENT_ID) values ('128','Steven','Markle','SMARKLE','650.124.1434',to_date('08/03/08','RR/MM/DD'),'ST_CLERK','2200',null,'120','50');
Insert into EMPLOYEES (EMPLOYEE_ID,FIRST_NAME,LAST_NAME,EMAIL,PHONE_NUMBER,HIRE_DATE,JOB_ID,SALARY,COMMISSION_PCT,MANAGER_ID,DEPARTMENT_ID) values ('129','Laura','Bissot','LBISSOT','650.124.5234',to_date('05/08/20','RR/MM/DD'),'ST_CLERK','3300',null,'121','50');
Insert into EMPLOYEES (EMPLOYEE_ID,FIRST_NAME,LAST_NAME,EMAIL,PHONE_NUMBER,HIRE_DATE,JOB_ID,SALARY,COMMISSION_PCT,MANAGER_ID,DEPARTMENT_ID) values ('130','Mozhe','Atkinson','MATKINSO','650.124.6234',to_date('05/10/30','RR/MM/DD'),'ST_CLERK','2800',null,'121','50');
Insert into EMPLOYEES (EMPLOYEE_ID,FIRST_NAME,LAST_NAME,EMAIL,PHONE_NUMBER,HIRE_DATE,JOB_ID,SALARY,COMMISSION_PCT,MANAGER_ID,DEPARTMENT_ID) values ('131','James','Marlow','JAMRLOW','650.124.7234',to_date('05/02/16','RR/MM/DD'),'ST_CLERK','2500',null,'121','50');
Insert into EMPLOYEES (EMPLOYEE_ID,FIRST_NAME,LAST_NAME,EMAIL,PHONE_NUMBER,HIRE_DATE,JOB_ID,SALARY,COMMISSION_PCT,MANAGER_ID,DEPARTMENT_ID) values ('132','TJ','Olson','TJOLSON','650.124.8234',to_date('07/04/10','RR/MM/DD'),'ST_CLERK','2100',null,'121','50');
Insert into EMPLOYEES (EMPLOYEE_ID,FIRST_NAME,LAST_NAME,EMAIL,PHONE_NUMBER,HIRE_DATE,JOB_ID,SALARY,COMMISSION_PCT,MANAGER_ID,DEPARTMENT_ID) values ('133','Jason','Mallin','JMALLIN','650.127.1934',to_date('04/06/14','RR/MM/DD'),'ST_CLERK','3300',null,'122','50');
Insert into EMPLOYEES (EMPLOYEE_ID,FIRST_NAME,LAST_NAME,EMAIL,PHONE_NUMBER,HIRE_DATE,JOB_ID,SALARY,COMMISSION_PCT,MANAGER_ID,DEPARTMENT_ID) values ('134','Michael','Rogers','MROGERS','650.127.1834',to_date('06/08/26','RR/MM/DD'),'ST_CLERK','2900',null,'122','50');
Insert into EMPLOYEES (EMPLOYEE_ID,FIRST_NAME,LAST_NAME,EMAIL,PHONE_NUMBER,HIRE_DATE,JOB_ID,SALARY,COMMISSION_PCT,MANAGER_ID,DEPARTMENT_ID) values ('135','Ki','Gee','KGEE','650.127.1734',to_date('07/12/12','RR/MM/DD'),'ST_CLERK','2400',null,'122','50');
Insert into EMPLOYEES (EMPLOYEE_ID,FIRST_NAME,LAST_NAME,EMAIL,PHONE_NUMBER,HIRE_DATE,JOB_ID,SALARY,COMMISSION_PCT,MANAGER_ID,DEPARTMENT_ID) values ('136','Hazel','Philtanker','HPHILTAN','650.127.1634',to_date('08/02/06','RR/MM/DD'),'ST_CLERK','2200',null,'122','50');
Insert into EMPLOYEES (EMPLOYEE_ID,FIRST_NAME,LAST_NAME,EMAIL,PHONE_NUMBER,HIRE_DATE,JOB_ID,SALARY,COMMISSION_PCT,MANAGER_ID,DEPARTMENT_ID) values ('137','Renske','Ladwig','RLADWIG','650.121.1234',to_date('03/07/14','RR/MM/DD'),'ST_CLERK','3600',null,'123','50');
Insert into EMPLOYEES (EMPLOYEE_ID,FIRST_NAME,LAST_NAME,EMAIL,PHONE_NUMBER,HIRE_DATE,JOB_ID,SALARY,COMMISSION_PCT,MANAGER_ID,DEPARTMENT_ID) values ('138','Stephen','Stiles','SSTILES','650.121.2034',to_date('05/10/26','RR/MM/DD'),'ST_CLERK','3200',null,'123','50');
Insert into EMPLOYEES (EMPLOYEE_ID,FIRST_NAME,LAST_NAME,EMAIL,PHONE_NUMBER,HIRE_DATE,JOB_ID,SALARY,COMMISSION_PCT,MANAGER_ID,DEPARTMENT_ID) values ('139','John','Seo','JSEO','650.121.2019',to_date('06/02/12','RR/MM/DD'),'ST_CLERK','2700',null,'123','50');
Insert into EMPLOYEES (EMPLOYEE_ID,FIRST_NAME,LAST_NAME,EMAIL,PHONE_NUMBER,HIRE_DATE,JOB_ID,SALARY,COMMISSION_PCT,MANAGER_ID,DEPARTMENT_ID) values ('140','Joshua','Patel','JPATEL','650.121.1834',to_date('06/04/06','RR/MM/DD'),'ST_CLERK','2500',null,'123','50');
Insert into EMPLOYEES (EMPLOYEE_ID,FIRST_NAME,LAST_NAME,EMAIL,PHONE_NUMBER,HIRE_DATE,JOB_ID,SALARY,COMMISSION_PCT,MANAGER_ID,DEPARTMENT_ID) values ('141','Trenna','Rajs','TRAJS','650.121.8009',to_date('03/10/17','RR/MM/DD'),'ST_CLERK','3500',null,'124','50');
Insert into EMPLOYEES (EMPLOYEE_ID,FIRST_NAME,LAST_NAME,EMAIL,PHONE_NUMBER,HIRE_DATE,JOB_ID,SALARY,COMMISSION_PCT,MANAGER_ID,DEPARTMENT_ID) values ('142','Curtis','Davies','CDAVIES','650.121.2994',to_date('05/01/29','RR/MM/DD'),'ST_CLERK','3100',null,'124','50');
Insert into EMPLOYEES (EMPLOYEE_ID,FIRST_NAME,LAST_NAME,EMAIL,PHONE_NUMBER,HIRE_DATE,JOB_ID,SALARY,COMMISSION_PCT,MANAGER_ID,DEPARTMENT_ID) values ('143','Randall','Matos','RMATOS','650.121.2874',to_date('06/03/15','RR/MM/DD'),'ST_CLERK','2600',null,'124','50');
Insert into EMPLOYEES (EMPLOYEE_ID,FIRST_NAME,LAST_NAME,EMAIL,PHONE_NUMBER,HIRE_DATE,JOB_ID,SALARY,COMMISSION_PCT,MANAGER_ID,DEPARTMENT_ID) values ('144','Peter','Vargas','PVARGAS','650.121.2004',to_date('06/07/09','RR/MM/DD'),'ST_CLERK','2500',null,'124','50');
Insert into EMPLOYEES (EMPLOYEE_ID,FIRST_NAME,LAST_NAME,EMAIL,PHONE_NUMBER,HIRE_DATE,JOB_ID,SALARY,COMMISSION_PCT,MANAGER_ID,DEPARTMENT_ID) values ('145','John','Russell','JRUSSEL','011.44.1344.429268',to_date('04/10/01','RR/MM/DD'),'SA_MAN','14000','0,4','100','80');
Insert into EMPLOYEES (EMPLOYEE_ID,FIRST_NAME,LAST_NAME,EMAIL,PHONE_NUMBER,HIRE_DATE,JOB_ID,SALARY,COMMISSION_PCT,MANAGER_ID,DEPARTMENT_ID) values ('146','Karen','Partners','KPARTNER','011.44.1344.467268',to_date('05/01/05','RR/MM/DD'),'SA_MAN','13500','0,3','100','80');
Insert into EMPLOYEES (EMPLOYEE_ID,FIRST_NAME,LAST_NAME,EMAIL,PHONE_NUMBER,HIRE_DATE,JOB_ID,SALARY,COMMISSION_PCT,MANAGER_ID,DEPARTMENT_ID) values ('147','Alberto','Errazuriz','AERRAZUR','011.44.1344.429278',to_date('05/03/10','RR/MM/DD'),'SA_MAN','12000','0,3','100','80');
Insert into EMPLOYEES (EMPLOYEE_ID,FIRST_NAME,LAST_NAME,EMAIL,PHONE_NUMBER,HIRE_DATE,JOB_ID,SALARY,COMMISSION_PCT,MANAGER_ID,DEPARTMENT_ID) values ('148','Gerald','Cambrault','GCAMBRAU','011.44.1344.619268',to_date('07/10/15','RR/MM/DD'),'SA_MAN','11000','0,3','100','80');
Insert into EMPLOYEES (EMPLOYEE_ID,FIRST_NAME,LAST_NAME,EMAIL,PHONE_NUMBER,HIRE_DATE,JOB_ID,SALARY,COMMISSION_PCT,MANAGER_ID,DEPARTMENT_ID) values ('149','Eleni','Zlotkey','EZLOTKEY','011.44.1344.429018',to_date('08/01/29','RR/MM/DD'),'SA_MAN','10500','0,2','100','80');
Insert into EMPLOYEES (EMPLOYEE_ID,FIRST_NAME,LAST_NAME,EMAIL,PHONE_NUMBER,HIRE_DATE,JOB_ID,SALARY,COMMISSION_PCT,MANAGER_ID,DEPARTMENT_ID) values ('150','Peter','Tucker','PTUCKER','011.44.1344.129268',to_date('05/01/30','RR/MM/DD'),'SA_REP','10000','0,3','145','80');
Insert into EMPLOYEES (EMPLOYEE_ID,FIRST_NAME,LAST_NAME,EMAIL,PHONE_NUMBER,HIRE_DATE,JOB_ID,SALARY,COMMISSION_PCT,MANAGER_ID,DEPARTMENT_ID) values ('151','David','Bernstein','DBERNSTE','011.44.1344.345268',to_date('05/03/24','RR/MM/DD'),'SA_REP','9500','0,25','145','80');
Insert into EMPLOYEES (EMPLOYEE_ID,FIRST_NAME,LAST_NAME,EMAIL,PHONE_NUMBER,HIRE_DATE,JOB_ID,SALARY,COMMISSION_PCT,MANAGER_ID,DEPARTMENT_ID) values ('152','Peter','Hall','PHALL','011.44.1344.478968',to_date('05/08/20','RR/MM/DD'),'SA_REP','9000','0,25','145','80');
Insert into EMPLOYEES (EMPLOYEE_ID,FIRST_NAME,LAST_NAME,EMAIL,PHONE_NUMBER,HIRE_DATE,JOB_ID,SALARY,COMMISSION_PCT,MANAGER_ID,DEPARTMENT_ID) values ('153','Christopher','Olsen','COLSEN','011.44.1344.498718',to_date('06/03/30','RR/MM/DD'),'SA_REP','8000','0,2','145','80');
Insert into EMPLOYEES (EMPLOYEE_ID,FIRST_NAME,LAST_NAME,EMAIL,PHONE_NUMBER,HIRE_DATE,JOB_ID,SALARY,COMMISSION_PCT,MANAGER_ID,DEPARTMENT_ID) values ('154','Nanette','Cambrault','NCAMBRAU','011.44.1344.987668',to_date('06/12/09','RR/MM/DD'),'SA_REP','7500','0,2','145','80');
Insert into EMPLOYEES (EMPLOYEE_ID,FIRST_NAME,LAST_NAME,EMAIL,PHONE_NUMBER,HIRE_DATE,JOB_ID,SALARY,COMMISSION_PCT,MANAGER_ID,DEPARTMENT_ID) values ('155','Oliver','Tuvault','OTUVAULT','011.44.1344.486508',to_date('07/11/23','RR/MM/DD'),'SA_REP','7000','0,15','145','80');
Insert into EMPLOYEES (EMPLOYEE_ID,FIRST_NAME,LAST_NAME,EMAIL,PHONE_NUMBER,HIRE_DATE,JOB_ID,SALARY,COMMISSION_PCT,MANAGER_ID,DEPARTMENT_ID) values ('156','Janette','King','JKING','011.44.1345.429268',to_date('04/01/30','RR/MM/DD'),'SA_REP','10000','0,35','146','80');
Insert into EMPLOYEES (EMPLOYEE_ID,FIRST_NAME,LAST_NAME,EMAIL,PHONE_NUMBER,HIRE_DATE,JOB_ID,SALARY,COMMISSION_PCT,MANAGER_ID,DEPARTMENT_ID) values ('157','Patrick','Sully','PSULLY','011.44.1345.929268',to_date('04/03/04','RR/MM/DD'),'SA_REP','9500','0,35','146','80');
Insert into EMPLOYEES (EMPLOYEE_ID,FIRST_NAME,LAST_NAME,EMAIL,PHONE_NUMBER,HIRE_DATE,JOB_ID,SALARY,COMMISSION_PCT,MANAGER_ID,DEPARTMENT_ID) values ('158','Allan','McEwen','AMCEWEN','011.44.1345.829268',to_date('04/08/01','RR/MM/DD'),'SA_REP','9000','0,35','146','80');
Insert into EMPLOYEES (EMPLOYEE_ID,FIRST_NAME,LAST_NAME,EMAIL,PHONE_NUMBER,HIRE_DATE,JOB_ID,SALARY,COMMISSION_PCT,MANAGER_ID,DEPARTMENT_ID) values ('159','Lindsey','Smith','LSMITH','011.44.1345.729268',to_date('05/03/10','RR/MM/DD'),'SA_REP','8000','0,3','146','80');
Insert into EMPLOYEES (EMPLOYEE_ID,FIRST_NAME,LAST_NAME,EMAIL,PHONE_NUMBER,HIRE_DATE,JOB_ID,SALARY,COMMISSION_PCT,MANAGER_ID,DEPARTMENT_ID) values ('160','Louise','Doran','LDORAN','011.44.1345.629268',to_date('05/12/15','RR/MM/DD'),'SA_REP','7500','0,3','146','80');
Insert into EMPLOYEES (EMPLOYEE_ID,FIRST_NAME,LAST_NAME,EMAIL,PHONE_NUMBER,HIRE_DATE,JOB_ID,SALARY,COMMISSION_PCT,MANAGER_ID,DEPARTMENT_ID) values ('161','Sarath','Sewall','SSEWALL','011.44.1345.529268',to_date('06/11/03','RR/MM/DD'),'SA_REP','7000','0,25','146','80');
Insert into EMPLOYEES (EMPLOYEE_ID,FIRST_NAME,LAST_NAME,EMAIL,PHONE_NUMBER,HIRE_DATE,JOB_ID,SALARY,COMMISSION_PCT,MANAGER_ID,DEPARTMENT_ID) values ('162','Clara','Vishney','CVISHNEY','011.44.1346.129268',to_date('05/11/11','RR/MM/DD'),'SA_REP','10500','0,25','147','80');
Insert into EMPLOYEES (EMPLOYEE_ID,FIRST_NAME,LAST_NAME,EMAIL,PHONE_NUMBER,HIRE_DATE,JOB_ID,SALARY,COMMISSION_PCT,MANAGER_ID,DEPARTMENT_ID) values ('163','Danielle','Greene','DGREENE','011.44.1346.229268',to_date('07/03/19','RR/MM/DD'),'SA_REP','9500','0,15','147','80');
Insert into EMPLOYEES (EMPLOYEE_ID,FIRST_NAME,LAST_NAME,EMAIL,PHONE_NUMBER,HIRE_DATE,JOB_ID,SALARY,COMMISSION_PCT,MANAGER_ID,DEPARTMENT_ID) values ('164','Mattea','Marvins','MMARVINS','011.44.1346.329268',to_date('08/01/24','RR/MM/DD'),'SA_REP','7200','0,1','147','80');
Insert into EMPLOYEES (EMPLOYEE_ID,FIRST_NAME,LAST_NAME,EMAIL,PHONE_NUMBER,HIRE_DATE,JOB_ID,SALARY,COMMISSION_PCT,MANAGER_ID,DEPARTMENT_ID) values ('165','David','Lee','DLEE','011.44.1346.529268',to_date('08/02/23','RR/MM/DD'),'SA_REP','6800','0,1','147','80');
Insert into EMPLOYEES (EMPLOYEE_ID,FIRST_NAME,LAST_NAME,EMAIL,PHONE_NUMBER,HIRE_DATE,JOB_ID,SALARY,COMMISSION_PCT,MANAGER_ID,DEPARTMENT_ID) values ('166','Sundar','Ande','SANDE','011.44.1346.629268',to_date('08/03/24','RR/MM/DD'),'SA_REP','6400','0,1','147','80');
Insert into EMPLOYEES (EMPLOYEE_ID,FIRST_NAME,LAST_NAME,EMAIL,PHONE_NUMBER,HIRE_DATE,JOB_ID,SALARY,COMMISSION_PCT,MANAGER_ID,DEPARTMENT_ID) values ('167','Amit','Banda','ABANDA','011.44.1346.729268',to_date('08/04/21','RR/MM/DD'),'SA_REP','6200','0,1','147','80');
Insert into EMPLOYEES (EMPLOYEE_ID,FIRST_NAME,LAST_NAME,EMAIL,PHONE_NUMBER,HIRE_DATE,JOB_ID,SALARY,COMMISSION_PCT,MANAGER_ID,DEPARTMENT_ID) values ('168','Lisa','Ozer','LOZER','011.44.1343.929268',to_date('05/03/11','RR/MM/DD'),'SA_REP','11500','0,25','148','80');
Insert into EMPLOYEES (EMPLOYEE_ID,FIRST_NAME,LAST_NAME,EMAIL,PHONE_NUMBER,HIRE_DATE,JOB_ID,SALARY,COMMISSION_PCT,MANAGER_ID,DEPARTMENT_ID) values ('169','Harrison','Bloom','HBLOOM','011.44.1343.829268',to_date('06/03/23','RR/MM/DD'),'SA_REP','10000','0,2','148','80');
Insert into EMPLOYEES (EMPLOYEE_ID,FIRST_NAME,LAST_NAME,EMAIL,PHONE_NUMBER,HIRE_DATE,JOB_ID,SALARY,COMMISSION_PCT,MANAGER_ID,DEPARTMENT_ID) values ('170','Tayler','Fox','TFOX','011.44.1343.729268',to_date('06/01/24','RR/MM/DD'),'SA_REP','9600','0,2','148','80');
Insert into EMPLOYEES (EMPLOYEE_ID,FIRST_NAME,LAST_NAME,EMAIL,PHONE_NUMBER,HIRE_DATE,JOB_ID,SALARY,COMMISSION_PCT,MANAGER_ID,DEPARTMENT_ID) values ('171','William','Smith','WSMITH','011.44.1343.629268',to_date('07/02/23','RR/MM/DD'),'SA_REP','7400','0,15','148','80');
Insert into EMPLOYEES (EMPLOYEE_ID,FIRST_NAME,LAST_NAME,EMAIL,PHONE_NUMBER,HIRE_DATE,JOB_ID,SALARY,COMMISSION_PCT,MANAGER_ID,DEPARTMENT_ID) values ('172','Elizabeth','Bates','EBATES','011.44.1343.529268',to_date('07/03/24','RR/MM/DD'),'SA_REP','7300','0,15','148','80');
Insert into EMPLOYEES (EMPLOYEE_ID,FIRST_NAME,LAST_NAME,EMAIL,PHONE_NUMBER,HIRE_DATE,JOB_ID,SALARY,COMMISSION_PCT,MANAGER_ID,DEPARTMENT_ID) values ('173','Sundita','Kumar','SKUMAR','011.44.1343.329268',to_date('08/04/21','RR/MM/DD'),'SA_REP','6100','0,1','148','80');
Insert into EMPLOYEES (EMPLOYEE_ID,FIRST_NAME,LAST_NAME,EMAIL,PHONE_NUMBER,HIRE_DATE,JOB_ID,SALARY,COMMISSION_PCT,MANAGER_ID,DEPARTMENT_ID) values ('174','Ellen','Abel','EABEL','011.44.1644.429267',to_date('04/05/11','RR/MM/DD'),'SA_REP','11000','0,3','149','80');
Insert into EMPLOYEES (EMPLOYEE_ID,FIRST_NAME,LAST_NAME,EMAIL,PHONE_NUMBER,HIRE_DATE,JOB_ID,SALARY,COMMISSION_PCT,MANAGER_ID,DEPARTMENT_ID) values ('175','Alyssa','Hutton','AHUTTON','011.44.1644.429266',to_date('05/03/19','RR/MM/DD'),'SA_REP','8800','0,25','149','80');
Insert into EMPLOYEES (EMPLOYEE_ID,FIRST_NAME,LAST_NAME,EMAIL,PHONE_NUMBER,HIRE_DATE,JOB_ID,SALARY,COMMISSION_PCT,MANAGER_ID,DEPARTMENT_ID) values ('176','Jonathon','Taylor','JTAYLOR','011.44.1644.429265',to_date('06/03/24','RR/MM/DD'),'SA_REP','8600','0,2','149','80');
Insert into EMPLOYEES (EMPLOYEE_ID,FIRST_NAME,LAST_NAME,EMAIL,PHONE_NUMBER,HIRE_DATE,JOB_ID,SALARY,COMMISSION_PCT,MANAGER_ID,DEPARTMENT_ID) values ('177','Jack','Livingston','JLIVINGS','011.44.1644.429264',to_date('06/04/23','RR/MM/DD'),'SA_REP','8400','0,2','149','80');
Insert into EMPLOYEES (EMPLOYEE_ID,FIRST_NAME,LAST_NAME,EMAIL,PHONE_NUMBER,HIRE_DATE,JOB_ID,SALARY,COMMISSION_PCT,MANAGER_ID,DEPARTMENT_ID) values ('178','Kimberely','Grant','KGRANT','011.44.1644.429263',to_date('07/05/24','RR/MM/DD'),'SA_REP','7000','0,15','149',null);
Insert into EMPLOYEES (EMPLOYEE_ID,FIRST_NAME,LAST_NAME,EMAIL,PHONE_NUMBER,HIRE_DATE,JOB_ID,SALARY,COMMISSION_PCT,MANAGER_ID,DEPARTMENT_ID) values ('179','Charles','Johnson','CJOHNSON','011.44.1644.429262',to_date('08/01/04','RR/MM/DD'),'SA_REP','6200','0,1','149','80');
Insert into EMPLOYEES (EMPLOYEE_ID,FIRST_NAME,LAST_NAME,EMAIL,PHONE_NUMBER,HIRE_DATE,JOB_ID,SALARY,COMMISSION_PCT,MANAGER_ID,DEPARTMENT_ID) values ('180','Winston','Taylor','WTAYLOR','650.507.9876',to_date('06/01/24','RR/MM/DD'),'SH_CLERK','3200',null,'120','50');
Insert into EMPLOYEES (EMPLOYEE_ID,FIRST_NAME,LAST_NAME,EMAIL,PHONE_NUMBER,HIRE_DATE,JOB_ID,SALARY,COMMISSION_PCT,MANAGER_ID,DEPARTMENT_ID) values ('181','Jean','Fleaur','JFLEAUR','650.507.9877',to_date('06/02/23','RR/MM/DD'),'SH_CLERK','3100',null,'120','50');
Insert into EMPLOYEES (EMPLOYEE_ID,FIRST_NAME,LAST_NAME,EMAIL,PHONE_NUMBER,HIRE_DATE,JOB_ID,SALARY,COMMISSION_PCT,MANAGER_ID,DEPARTMENT_ID) values ('182','Martha','Sullivan','MSULLIVA','650.507.9878',to_date('07/06/21','RR/MM/DD'),'SH_CLERK','2500',null,'120','50');
Insert into EMPLOYEES (EMPLOYEE_ID,FIRST_NAME,LAST_NAME,EMAIL,PHONE_NUMBER,HIRE_DATE,JOB_ID,SALARY,COMMISSION_PCT,MANAGER_ID,DEPARTMENT_ID) values ('183','Girard','Geoni','GGEONI','650.507.9879',to_date('08/02/03','RR/MM/DD'),'SH_CLERK','2800',null,'120','50');
Insert into EMPLOYEES (EMPLOYEE_ID,FIRST_NAME,LAST_NAME,EMAIL,PHONE_NUMBER,HIRE_DATE,JOB_ID,SALARY,COMMISSION_PCT,MANAGER_ID,DEPARTMENT_ID) values ('184','Nandita','Sarchand','NSARCHAN','650.509.1876',to_date('04/01/27','RR/MM/DD'),'SH_CLERK','4200',null,'121','50');
Insert into EMPLOYEES (EMPLOYEE_ID,FIRST_NAME,LAST_NAME,EMAIL,PHONE_NUMBER,HIRE_DATE,JOB_ID,SALARY,COMMISSION_PCT,MANAGER_ID,DEPARTMENT_ID) values ('185','Alexis','Bull','ABULL','650.509.2876',to_date('05/02/20','RR/MM/DD'),'SH_CLERK','4100',null,'121','50');
Insert into EMPLOYEES (EMPLOYEE_ID,FIRST_NAME,LAST_NAME,EMAIL,PHONE_NUMBER,HIRE_DATE,JOB_ID,SALARY,COMMISSION_PCT,MANAGER_ID,DEPARTMENT_ID) values ('186','Julia','Dellinger','JDELLING','650.509.3876',to_date('06/06/24','RR/MM/DD'),'SH_CLERK','3400',null,'121','50');
Insert into EMPLOYEES (EMPLOYEE_ID,FIRST_NAME,LAST_NAME,EMAIL,PHONE_NUMBER,HIRE_DATE,JOB_ID,SALARY,COMMISSION_PCT,MANAGER_ID,DEPARTMENT_ID) values ('187','Anthony','Cabrio','ACABRIO','650.509.4876',to_date('07/02/07','RR/MM/DD'),'SH_CLERK','3000',null,'121','50');
Insert into EMPLOYEES (EMPLOYEE_ID,FIRST_NAME,LAST_NAME,EMAIL,PHONE_NUMBER,HIRE_DATE,JOB_ID,SALARY,COMMISSION_PCT,MANAGER_ID,DEPARTMENT_ID) values ('188','Kelly','Chung','KCHUNG','650.505.1876',to_date('05/06/14','RR/MM/DD'),'SH_CLERK','3800',null,'122','50');
Insert into EMPLOYEES (EMPLOYEE_ID,FIRST_NAME,LAST_NAME,EMAIL,PHONE_NUMBER,HIRE_DATE,JOB_ID,SALARY,COMMISSION_PCT,MANAGER_ID,DEPARTMENT_ID) values ('189','Jennifer','Dilly','JDILLY','650.505.2876',to_date('05/08/13','RR/MM/DD'),'SH_CLERK','3600',null,'122','50');
Insert into EMPLOYEES (EMPLOYEE_ID,FIRST_NAME,LAST_NAME,EMAIL,PHONE_NUMBER,HIRE_DATE,JOB_ID,SALARY,COMMISSION_PCT,MANAGER_ID,DEPARTMENT_ID) values ('190','Timothy','Gates','TGATES','650.505.3876',to_date('06/07/11','RR/MM/DD'),'SH_CLERK','2900',null,'122','50');
Insert into EMPLOYEES (EMPLOYEE_ID,FIRST_NAME,LAST_NAME,EMAIL,PHONE_NUMBER,HIRE_DATE,JOB_ID,SALARY,COMMISSION_PCT,MANAGER_ID,DEPARTMENT_ID) values ('191','Randall','Perkins','RPERKINS','650.505.4876',to_date('07/12/19','RR/MM/DD'),'SH_CLERK','2500',null,'122','50');
Insert into EMPLOYEES (EMPLOYEE_ID,FIRST_NAME,LAST_NAME,EMAIL,PHONE_NUMBER,HIRE_DATE,JOB_ID,SALARY,COMMISSION_PCT,MANAGER_ID,DEPARTMENT_ID) values ('192','Sarah','Bell','SBELL','650.501.1876',to_date('04/02/04','RR/MM/DD'),'SH_CLERK','4000',null,'123','50');
Insert into EMPLOYEES (EMPLOYEE_ID,FIRST_NAME,LAST_NAME,EMAIL,PHONE_NUMBER,HIRE_DATE,JOB_ID,SALARY,COMMISSION_PCT,MANAGER_ID,DEPARTMENT_ID) values ('193','Britney','Everett','BEVERETT','650.501.2876',to_date('05/03/03','RR/MM/DD'),'SH_CLERK','3900',null,'123','50');
Insert into EMPLOYEES (EMPLOYEE_ID,FIRST_NAME,LAST_NAME,EMAIL,PHONE_NUMBER,HIRE_DATE,JOB_ID,SALARY,COMMISSION_PCT,MANAGER_ID,DEPARTMENT_ID) values ('194','Samuel','McCain','SMCCAIN','650.501.3876',to_date('06/07/01','RR/MM/DD'),'SH_CLERK','3200',null,'123','50');
Insert into EMPLOYEES (EMPLOYEE_ID,FIRST_NAME,LAST_NAME,EMAIL,PHONE_NUMBER,HIRE_DATE,JOB_ID,SALARY,COMMISSION_PCT,MANAGER_ID,DEPARTMENT_ID) values ('195','Vance','Jones','VJONES','650.501.4876',to_date('07/03/17','RR/MM/DD'),'SH_CLERK','2800',null,'123','50');
Insert into EMPLOYEES (EMPLOYEE_ID,FIRST_NAME,LAST_NAME,EMAIL,PHONE_NUMBER,HIRE_DATE,JOB_ID,SALARY,COMMISSION_PCT,MANAGER_ID,DEPARTMENT_ID) values ('196','Alana','Walsh','AWALSH','650.507.9811',to_date('06/04/24','RR/MM/DD'),'SH_CLERK','3100',null,'124','50');
Insert into EMPLOYEES (EMPLOYEE_ID,FIRST_NAME,LAST_NAME,EMAIL,PHONE_NUMBER,HIRE_DATE,JOB_ID,SALARY,COMMISSION_PCT,MANAGER_ID,DEPARTMENT_ID) values ('197','Kevin','Feeney','KFEENEY','650.507.9822',to_date('06/05/23','RR/MM/DD'),'SH_CLERK','3000',null,'124','50');
Insert into EMPLOYEES (EMPLOYEE_ID,FIRST_NAME,LAST_NAME,EMAIL,PHONE_NUMBER,HIRE_DATE,JOB_ID,SALARY,COMMISSION_PCT,MANAGER_ID,DEPARTMENT_ID) values ('198','Donald','OConnell','DOCONNEL','650.507.9833',to_date('07/06/21','RR/MM/DD'),'SH_CLERK','2600',null,'124','50');
Insert into EMPLOYEES (EMPLOYEE_ID,FIRST_NAME,LAST_NAME,EMAIL,PHONE_NUMBER,HIRE_DATE,JOB_ID,SALARY,COMMISSION_PCT,MANAGER_ID,DEPARTMENT_ID) values ('199','Douglas','Grant','DGRANT','650.507.9844',to_date('08/01/13','RR/MM/DD'),'SH_CLERK','2600',null,'124','50');
Insert into EMPLOYEES (EMPLOYEE_ID,FIRST_NAME,LAST_NAME,EMAIL,PHONE_NUMBER,HIRE_DATE,JOB_ID,SALARY,COMMISSION_PCT,MANAGER_ID,DEPARTMENT_ID) values ('200','Jennifer','Whalen','JWHALEN','515.123.4444',to_date('03/09/17','RR/MM/DD'),'AD_ASST','4400',null,'101','10');
Insert into EMPLOYEES (EMPLOYEE_ID,FIRST_NAME,LAST_NAME,EMAIL,PHONE_NUMBER,HIRE_DATE,JOB_ID,SALARY,COMMISSION_PCT,MANAGER_ID,DEPARTMENT_ID) values ('201','Michael','Hartstein','MHARTSTE','515.123.5555',to_date('04/02/17','RR/MM/DD'),'MK_MAN','13000',null,'100','20');
Insert into EMPLOYEES (EMPLOYEE_ID,FIRST_NAME,LAST_NAME,EMAIL,PHONE_NUMBER,HIRE_DATE,JOB_ID,SALARY,COMMISSION_PCT,MANAGER_ID,DEPARTMENT_ID) values ('202','Pat','Fay','PFAY','603.123.6666',to_date('05/08/17','RR/MM/DD'),'MK_REP','6000',null,'201','20');
Insert into EMPLOYEES (EMPLOYEE_ID,FIRST_NAME,LAST_NAME,EMAIL,PHONE_NUMBER,HIRE_DATE,JOB_ID,SALARY,COMMISSION_PCT,MANAGER_ID,DEPARTMENT_ID) values ('203','Susan','Mavris','SMAVRIS','515.123.7777',to_date('02/06/07','RR/MM/DD'),'HR_REP','6500',null,'101','40');
Insert into EMPLOYEES (EMPLOYEE_ID,FIRST_NAME,LAST_NAME,EMAIL,PHONE_NUMBER,HIRE_DATE,JOB_ID,SALARY,COMMISSION_PCT,MANAGER_ID,DEPARTMENT_ID) values ('204','Hermann','Baer','HBAER','515.123.8888',to_date('02/06/07','RR/MM/DD'),'PR_REP','10000',null,'101','70');
Insert into EMPLOYEES (EMPLOYEE_ID,FIRST_NAME,LAST_NAME,EMAIL,PHONE_NUMBER,HIRE_DATE,JOB_ID,SALARY,COMMISSION_PCT,MANAGER_ID,DEPARTMENT_ID) values ('205','Shelley','Higgins','SHIGGINS','515.123.8080',to_date('02/06/07','RR/MM/DD'),'AC_MGR','12008',null,'101','110');
Insert into EMPLOYEES (EMPLOYEE_ID,FIRST_NAME,LAST_NAME,EMAIL,PHONE_NUMBER,HIRE_DATE,JOB_ID,SALARY,COMMISSION_PCT,MANAGER_ID,DEPARTMENT_ID) values ('206','William','Gietz','WGIETZ','515.123.8181',to_date('02/06/07','RR/MM/DD'),'AC_ACCOUNT','8300',null,'205','110');
REM INSERTING into JOB_GRADES
SET DEFINE OFF;
Insert into JOB_GRADES (GRADE,MIN_SALARY,MAX_SALARY) values ('A','0','2999');
Insert into JOB_GRADES (GRADE,MIN_SALARY,MAX_SALARY) values ('B','3000','4999');
Insert into JOB_GRADES (GRADE,MIN_SALARY,MAX_SALARY) values ('C','5000','7999');
Insert into JOB_GRADES (GRADE,MIN_SALARY,MAX_SALARY) values ('D','8000','9999');
Insert into JOB_GRADES (GRADE,MIN_SALARY,MAX_SALARY) values ('E','10000','14999');
Insert into JOB_GRADES (GRADE,MIN_SALARY,MAX_SALARY) values ('F','15000','200999');
REM INSERTING into JOB_HISTORY
SET DEFINE OFF;
Insert into JOB_HISTORY (EMPLOYEE_ID,START_DATE,END_DATE,JOB_ID,DEPARTMENT_ID) values ('102',to_date('01/01/13','RR/MM/DD'),to_date('06/07/24','RR/MM/DD'),'IT_PROG','60');
Insert into JOB_HISTORY (EMPLOYEE_ID,START_DATE,END_DATE,JOB_ID,DEPARTMENT_ID) values ('101',to_date('97/09/21','RR/MM/DD'),to_date('01/10/27','RR/MM/DD'),'AC_ACCOUNT','110');
Insert into JOB_HISTORY (EMPLOYEE_ID,START_DATE,END_DATE,JOB_ID,DEPARTMENT_ID) values ('101',to_date('01/10/28','RR/MM/DD'),to_date('05/03/15','RR/MM/DD'),'AC_MGR','110');
Insert into JOB_HISTORY (EMPLOYEE_ID,START_DATE,END_DATE,JOB_ID,DEPARTMENT_ID) values ('201',to_date('04/02/17','RR/MM/DD'),to_date('07/12/19','RR/MM/DD'),'MK_REP','20');
Insert into JOB_HISTORY (EMPLOYEE_ID,START_DATE,END_DATE,JOB_ID,DEPARTMENT_ID) values ('114',to_date('06/03/24','RR/MM/DD'),to_date('07/12/31','RR/MM/DD'),'ST_CLERK','50');
Insert into JOB_HISTORY (EMPLOYEE_ID,START_DATE,END_DATE,JOB_ID,DEPARTMENT_ID) values ('122',to_date('07/01/01','RR/MM/DD'),to_date('07/12/31','RR/MM/DD'),'ST_CLERK','50');
Insert into JOB_HISTORY (EMPLOYEE_ID,START_DATE,END_DATE,JOB_ID,DEPARTMENT_ID) values ('200',to_date('95/09/17','RR/MM/DD'),to_date('01/06/17','RR/MM/DD'),'AD_ASST','90');
Insert into JOB_HISTORY (EMPLOYEE_ID,START_DATE,END_DATE,JOB_ID,DEPARTMENT_ID) values ('176',to_date('06/03/24','RR/MM/DD'),to_date('06/12/31','RR/MM/DD'),'SA_REP','80');
Insert into JOB_HISTORY (EMPLOYEE_ID,START_DATE,END_DATE,JOB_ID,DEPARTMENT_ID) values ('176',to_date('07/01/01','RR/MM/DD'),to_date('07/12/31','RR/MM/DD'),'SA_MAN','80');
Insert into JOB_HISTORY (EMPLOYEE_ID,START_DATE,END_DATE,JOB_ID,DEPARTMENT_ID) values ('200',to_date('02/07/01','RR/MM/DD'),to_date('06/12/31','RR/MM/DD'),'AC_ACCOUNT','90');
REM INSERTING into JOBS
SET DEFINE OFF;
Insert into JOBS (JOB_ID,JOB_TITLE,MIN_SALARY,MAX_SALARY) values ('AD_PRES','President','20080','40000');
Insert into JOBS (JOB_ID,JOB_TITLE,MIN_SALARY,MAX_SALARY) values ('AD_VP','Administration Vice President','15000','30000');
Insert into JOBS (JOB_ID,JOB_TITLE,MIN_SALARY,MAX_SALARY) values ('AD_ASST','Administration Assistant','3000','6000');
Insert into JOBS (JOB_ID,JOB_TITLE,MIN_SALARY,MAX_SALARY) values ('FI_MGR','Finance Manager','8200','16000');
Insert into JOBS (JOB_ID,JOB_TITLE,MIN_SALARY,MAX_SALARY) values ('FI_ACCOUNT','Accountant','4200','9000');
Insert into JOBS (JOB_ID,JOB_TITLE,MIN_SALARY,MAX_SALARY) values ('AC_MGR','Accounting Manager','8200','16000');
Insert into JOBS (JOB_ID,JOB_TITLE,MIN_SALARY,MAX_SALARY) values ('AC_ACCOUNT','Public Accountant','4200','9000');
Insert into JOBS (JOB_ID,JOB_TITLE,MIN_SALARY,MAX_SALARY) values ('SA_MAN','Sales Manager','10000','20080');
Insert into JOBS (JOB_ID,JOB_TITLE,MIN_SALARY,MAX_SALARY) values ('SA_REP','Sales Representative','6000','12008');
Insert into JOBS (JOB_ID,JOB_TITLE,MIN_SALARY,MAX_SALARY) values ('PU_MAN','Purchasing Manager','8000','15000');
Insert into JOBS (JOB_ID,JOB_TITLE,MIN_SALARY,MAX_SALARY) values ('PU_CLERK','Purchasing Clerk','2500','5500');
Insert into JOBS (JOB_ID,JOB_TITLE,MIN_SALARY,MAX_SALARY) values ('ST_MAN','Stock Manager','5500','8500');
Insert into JOBS (JOB_ID,JOB_TITLE,MIN_SALARY,MAX_SALARY) values ('ST_CLERK','Stock Clerk','2008','5000');
Insert into JOBS (JOB_ID,JOB_TITLE,MIN_SALARY,MAX_SALARY) values ('SH_CLERK','Shipping Clerk','2500','5500');
Insert into JOBS (JOB_ID,JOB_TITLE,MIN_SALARY,MAX_SALARY) values ('IT_PROG','Programmer','4000','10000');
Insert into JOBS (JOB_ID,JOB_TITLE,MIN_SALARY,MAX_SALARY) values ('MK_MAN','Marketing Manager','9000','15000');
Insert into JOBS (JOB_ID,JOB_TITLE,MIN_SALARY,MAX_SALARY) values ('MK_REP','Marketing Representative','4000','9000');
Insert into JOBS (JOB_ID,JOB_TITLE,MIN_SALARY,MAX_SALARY) values ('HR_REP','Human Resources Representative','4000','9000');
Insert into JOBS (JOB_ID,JOB_TITLE,MIN_SALARY,MAX_SALARY) values ('PR_REP','Public Relations Representative','4500','10500');
REM INSERTING into LOCATIONS
SET DEFINE OFF;
Insert into LOCATIONS (LOCATION_ID,STREET_ADDRESS,POSTAL_CODE,CITY,STATE_PROVINCE,COUNTRY_ID) values ('1000','1297 Via Cola di Rie','00989','Roma',null,'IT');
Insert into LOCATIONS (LOCATION_ID,STREET_ADDRESS,POSTAL_CODE,CITY,STATE_PROVINCE,COUNTRY_ID) values ('1100','93091 Calle della Testa','10934','Venice',null,'IT');
Insert into LOCATIONS (LOCATION_ID,STREET_ADDRESS,POSTAL_CODE,CITY,STATE_PROVINCE,COUNTRY_ID) values ('1200','2017 Shinjuku-ku','1689','Tokyo','Tokyo Prefecture','JP');
Insert into LOCATIONS (LOCATION_ID,STREET_ADDRESS,POSTAL_CODE,CITY,STATE_PROVINCE,COUNTRY_ID) values ('1300','9450 Kamiya-cho','6823','Hiroshima',null,'JP');
Insert into LOCATIONS (LOCATION_ID,STREET_ADDRESS,POSTAL_CODE,CITY,STATE_PROVINCE,COUNTRY_ID) values ('1400','2014 Jabberwocky Rd','26192','Southlake','Texas','US');
Insert into LOCATIONS (LOCATION_ID,STREET_ADDRESS,POSTAL_CODE,CITY,STATE_PROVINCE,COUNTRY_ID) values ('1500','2011 Interiors Blvd','99236','South San Francisco','California','US');
Insert into LOCATIONS (LOCATION_ID,STREET_ADDRESS,POSTAL_CODE,CITY,STATE_PROVINCE,COUNTRY_ID) values ('1600','2007 Zagora St','50090','South Brunswick','New Jersey','US');
Insert into LOCATIONS (LOCATION_ID,STREET_ADDRESS,POSTAL_CODE,CITY,STATE_PROVINCE,COUNTRY_ID) values ('1700','2004 Charade Rd','98199','Seattle','Washington','US');
Insert into LOCATIONS (LOCATION_ID,STREET_ADDRESS,POSTAL_CODE,CITY,STATE_PROVINCE,COUNTRY_ID) values ('1800','147 Spadina Ave','M5V 2L7','Toronto','Ontario','CA');
Insert into LOCATIONS (LOCATION_ID,STREET_ADDRESS,POSTAL_CODE,CITY,STATE_PROVINCE,COUNTRY_ID) values ('1900','6092 Boxwood St','YSW 9T2','Whitehorse','Yukon','CA');
Insert into LOCATIONS (LOCATION_ID,STREET_ADDRESS,POSTAL_CODE,CITY,STATE_PROVINCE,COUNTRY_ID) values ('2000','40-5-12 Laogianggen','190518','Beijing',null,'CN');
Insert into LOCATIONS (LOCATION_ID,STREET_ADDRESS,POSTAL_CODE,CITY,STATE_PROVINCE,COUNTRY_ID) values ('2100','1298 Vileparle (E)','490231','Bombay','Maharashtra','IN');
Insert into LOCATIONS (LOCATION_ID,STREET_ADDRESS,POSTAL_CODE,CITY,STATE_PROVINCE,COUNTRY_ID) values ('2200','12-98 Victoria Street','2901','Sydney','New South Wales','AU');
Insert into LOCATIONS (LOCATION_ID,STREET_ADDRESS,POSTAL_CODE,CITY,STATE_PROVINCE,COUNTRY_ID) values ('2300','198 Clementi North','540198','Singapore',null,'SG');
Insert into LOCATIONS (LOCATION_ID,STREET_ADDRESS,POSTAL_CODE,CITY,STATE_PROVINCE,COUNTRY_ID) values ('2400','8204 Arthur St',null,'London',null,'UK');
Insert into LOCATIONS (LOCATION_ID,STREET_ADDRESS,POSTAL_CODE,CITY,STATE_PROVINCE,COUNTRY_ID) values ('2500','Magdalen Centre, The Oxford Science Park','OX9 9ZB','Oxford','Oxford','UK');
Insert into LOCATIONS (LOCATION_ID,STREET_ADDRESS,POSTAL_CODE,CITY,STATE_PROVINCE,COUNTRY_ID) values ('2600','9702 Chester Road','09629850293','Stretford','Manchester','UK');
Insert into LOCATIONS (LOCATION_ID,STREET_ADDRESS,POSTAL_CODE,CITY,STATE_PROVINCE,COUNTRY_ID) values ('2700','Schwanthalerstr. 7031','80925','Munich','Bavaria','DE');
Insert into LOCATIONS (LOCATION_ID,STREET_ADDRESS,POSTAL_CODE,CITY,STATE_PROVINCE,COUNTRY_ID) values ('2800','Rua Frei Caneca 1360 ','01307-002','Sao Paulo','Sao Paulo','BR');
Insert into LOCATIONS (LOCATION_ID,STREET_ADDRESS,POSTAL_CODE,CITY,STATE_PROVINCE,COUNTRY_ID) values ('2900','20 Rue des Corps-Saints','1730','Geneva','Geneve','CH');
Insert into LOCATIONS (LOCATION_ID,STREET_ADDRESS,POSTAL_CODE,CITY,STATE_PROVINCE,COUNTRY_ID) values ('3000','Murtenstrasse 921','3095','Bern','BE','CH');
Insert into LOCATIONS (LOCATION_ID,STREET_ADDRESS,POSTAL_CODE,CITY,STATE_PROVINCE,COUNTRY_ID) values ('3100','Pieter Breughelstraat 837','3029SK','Utrecht','Utrecht','NL');
Insert into LOCATIONS (LOCATION_ID,STREET_ADDRESS,POSTAL_CODE,CITY,STATE_PROVINCE,COUNTRY_ID) values ('3200','Mariano Escobedo 9991','11932','Mexico City','Distrito Federal,','MX');
REM INSERTING into PRODUCTS
SET DEFINE OFF;
Insert into PRODUCTS (PRODUCT_ID,PRODUCT_NAME,PRODUCT_CATEGORY) values ('1','roll','bakery products');
Insert into PRODUCTS (PRODUCT_ID,PRODUCT_NAME,PRODUCT_CATEGORY) values ('2','bread','bakery products');
Insert into PRODUCTS (PRODUCT_ID,PRODUCT_NAME,PRODUCT_CATEGORY) values ('3','donut','bakery products');
Insert into PRODUCTS (PRODUCT_ID,PRODUCT_NAME,PRODUCT_CATEGORY) values ('4','croissant','bakery products');
Insert into PRODUCTS (PRODUCT_ID,PRODUCT_NAME,PRODUCT_CATEGORY) values ('5','beef','meat');
Insert into PRODUCTS (PRODUCT_ID,PRODUCT_NAME,PRODUCT_CATEGORY) values ('6','chicken','meat');
Insert into PRODUCTS (PRODUCT_ID,PRODUCT_NAME,PRODUCT_CATEGORY) values ('7','pork','meat');
Insert into PRODUCTS (PRODUCT_ID,PRODUCT_NAME,PRODUCT_CATEGORY) values ('8','lamb','meat');
REM INSERTING into REGIONS
SET DEFINE OFF;
Insert into REGIONS (REGION_ID,REGION_NAME) values ('1','Europe');
Insert into REGIONS (REGION_ID,REGION_NAME) values ('2','Americas');
Insert into REGIONS (REGION_ID,REGION_NAME) values ('3','Asia');
Insert into REGIONS (REGION_ID,REGION_NAME) values ('4','Middle East and Africa');
REM INSERTING into SALES
SET DEFINE OFF;
Insert into SALES (SALE_ID,SALE_DATE,QUANTITY,PRICE,EMPLOYEE_ID,PRODUCT_ID) values ('1',to_date('22/01/01','RR/MM/DD'),'4','1','150','1');
Insert into SALES (SALE_ID,SALE_DATE,QUANTITY,PRICE,EMPLOYEE_ID,PRODUCT_ID) values ('2',to_date('22/01/02','RR/MM/DD'),'5','0,6','150','1');
Insert into SALES (SALE_ID,SALE_DATE,QUANTITY,PRICE,EMPLOYEE_ID,PRODUCT_ID) values ('3',to_date('22/01/03','RR/MM/DD'),'6','0,65','150','1');
Insert into SALES (SALE_ID,SALE_DATE,QUANTITY,PRICE,EMPLOYEE_ID,PRODUCT_ID) values ('4',to_date('22/01/04','RR/MM/DD'),'3','0,68','160','1');
Insert into SALES (SALE_ID,SALE_DATE,QUANTITY,PRICE,EMPLOYEE_ID,PRODUCT_ID) values ('5',to_date('22/01/05','RR/MM/DD'),'7','0,68','160','1');
Insert into SALES (SALE_ID,SALE_DATE,QUANTITY,PRICE,EMPLOYEE_ID,PRODUCT_ID) values ('6',to_date('22/02/01','RR/MM/DD'),'8','0,7','160','1');
Insert into SALES (SALE_ID,SALE_DATE,QUANTITY,PRICE,EMPLOYEE_ID,PRODUCT_ID) values ('7',to_date('22/02/02','RR/MM/DD'),'2','0,7','160','1');
Insert into SALES (SALE_ID,SALE_DATE,QUANTITY,PRICE,EMPLOYEE_ID,PRODUCT_ID) values ('8',to_date('22/02/03','RR/MM/DD'),'2','0,65','150','1');
Insert into SALES (SALE_ID,SALE_DATE,QUANTITY,PRICE,EMPLOYEE_ID,PRODUCT_ID) values ('9',to_date('22/02/04','RR/MM/DD'),'9','0,7','150','1');
Insert into SALES (SALE_ID,SALE_DATE,QUANTITY,PRICE,EMPLOYEE_ID,PRODUCT_ID) values ('10',to_date('22/02/05','RR/MM/DD'),'3','0,64','150','1');
Insert into SALES (SALE_ID,SALE_DATE,QUANTITY,PRICE,EMPLOYEE_ID,PRODUCT_ID) values ('11',to_date('23/01/01','RR/MM/DD'),'6','0,9','150','1');
Insert into SALES (SALE_ID,SALE_DATE,QUANTITY,PRICE,EMPLOYEE_ID,PRODUCT_ID) values ('12',to_date('23/01/02','RR/MM/DD'),'3','0,9','150','1');
Insert into SALES (SALE_ID,SALE_DATE,QUANTITY,PRICE,EMPLOYEE_ID,PRODUCT_ID) values ('13',to_date('23/01/03','RR/MM/DD'),'2','0,95','150','1');
Insert into SALES (SALE_ID,SALE_DATE,QUANTITY,PRICE,EMPLOYEE_ID,PRODUCT_ID) values ('14',to_date('23/01/04','RR/MM/DD'),'7','1','150','1');
Insert into SALES (SALE_ID,SALE_DATE,QUANTITY,PRICE,EMPLOYEE_ID,PRODUCT_ID) values ('15',to_date('23/01/05','RR/MM/DD'),'6','1','150','1');
Insert into SALES (SALE_ID,SALE_DATE,QUANTITY,PRICE,EMPLOYEE_ID,PRODUCT_ID) values ('16',to_date('23/02/01','RR/MM/DD'),'5','1','150','1');
Insert into SALES (SALE_ID,SALE_DATE,QUANTITY,PRICE,EMPLOYEE_ID,PRODUCT_ID) values ('17',to_date('23/02/02','RR/MM/DD'),'4','1,1','160','1');
Insert into SALES (SALE_ID,SALE_DATE,QUANTITY,PRICE,EMPLOYEE_ID,PRODUCT_ID) values ('18',to_date('23/02/03','RR/MM/DD'),'8','1,1','160','1');
Insert into SALES (SALE_ID,SALE_DATE,QUANTITY,PRICE,EMPLOYEE_ID,PRODUCT_ID) values ('19',to_date('23/02/04','RR/MM/DD'),'8','1,1','160','1');
Insert into SALES (SALE_ID,SALE_DATE,QUANTITY,PRICE,EMPLOYEE_ID,PRODUCT_ID) values ('20',to_date('23/02/05','RR/MM/DD'),'9','1,2','150','1');
Insert into SALES (SALE_ID,SALE_DATE,QUANTITY,PRICE,EMPLOYEE_ID,PRODUCT_ID) values ('21',to_date('22/01/01','RR/MM/DD'),'2','2,8','150','2');
Insert into SALES (SALE_ID,SALE_DATE,QUANTITY,PRICE,EMPLOYEE_ID,PRODUCT_ID) values ('22',to_date('22/01/02','RR/MM/DD'),'2','2,8','150','2');
Insert into SALES (SALE_ID,SALE_DATE,QUANTITY,PRICE,EMPLOYEE_ID,PRODUCT_ID) values ('23',to_date('22/01/03','RR/MM/DD'),'1','2,85','150','2');
Insert into SALES (SALE_ID,SALE_DATE,QUANTITY,PRICE,EMPLOYEE_ID,PRODUCT_ID) values ('24',to_date('22/01/04','RR/MM/DD'),'2','2,88','160','2');
Insert into SALES (SALE_ID,SALE_DATE,QUANTITY,PRICE,EMPLOYEE_ID,PRODUCT_ID) values ('25',to_date('22/01/05','RR/MM/DD'),'3','2,88','160','2');
Insert into SALES (SALE_ID,SALE_DATE,QUANTITY,PRICE,EMPLOYEE_ID,PRODUCT_ID) values ('26',to_date('22/02/01','RR/MM/DD'),'2','2,75','160','2');
Insert into SALES (SALE_ID,SALE_DATE,QUANTITY,PRICE,EMPLOYEE_ID,PRODUCT_ID) values ('27',to_date('22/02/02','RR/MM/DD'),'1','2,7','160','2');
Insert into SALES (SALE_ID,SALE_DATE,QUANTITY,PRICE,EMPLOYEE_ID,PRODUCT_ID) values ('28',to_date('22/02/03','RR/MM/DD'),'1','2,65','155','2');
Insert into SALES (SALE_ID,SALE_DATE,QUANTITY,PRICE,EMPLOYEE_ID,PRODUCT_ID) values ('29',to_date('22/02/04','RR/MM/DD'),'2','2,7','155','2');
Insert into SALES (SALE_ID,SALE_DATE,QUANTITY,PRICE,EMPLOYEE_ID,PRODUCT_ID) values ('30',to_date('22/02/05','RR/MM/DD'),'3','2,64','155','2');
Insert into SALES (SALE_ID,SALE_DATE,QUANTITY,PRICE,EMPLOYEE_ID,PRODUCT_ID) values ('31',to_date('23/01/01','RR/MM/DD'),'3','2,9','155','2');
Insert into SALES (SALE_ID,SALE_DATE,QUANTITY,PRICE,EMPLOYEE_ID,PRODUCT_ID) values ('32',to_date('23/01/02','RR/MM/DD'),'3','2,9','150','2');
Insert into SALES (SALE_ID,SALE_DATE,QUANTITY,PRICE,EMPLOYEE_ID,PRODUCT_ID) values ('33',to_date('23/01/03','RR/MM/DD'),'2','2,95','155','2');
Insert into SALES (SALE_ID,SALE_DATE,QUANTITY,PRICE,EMPLOYEE_ID,PRODUCT_ID) values ('34',to_date('23/01/04','RR/MM/DD'),'1','3','155','2');
Insert into SALES (SALE_ID,SALE_DATE,QUANTITY,PRICE,EMPLOYEE_ID,PRODUCT_ID) values ('35',to_date('23/01/05','RR/MM/DD'),'1','4','155','2');
Insert into SALES (SALE_ID,SALE_DATE,QUANTITY,PRICE,EMPLOYEE_ID,PRODUCT_ID) values ('36',to_date('23/02/01','RR/MM/DD'),'4','4','155','2');
Insert into SALES (SALE_ID,SALE_DATE,QUANTITY,PRICE,EMPLOYEE_ID,PRODUCT_ID) values ('37',to_date('23/02/02','RR/MM/DD'),'4','4,3','160','2');
Insert into SALES (SALE_ID,SALE_DATE,QUANTITY,PRICE,EMPLOYEE_ID,PRODUCT_ID) values ('38',to_date('23/02/03','RR/MM/DD'),'1','4,3','160','2');
Insert into SALES (SALE_ID,SALE_DATE,QUANTITY,PRICE,EMPLOYEE_ID,PRODUCT_ID) values ('39',to_date('23/02/04','RR/MM/DD'),'1','4,2','160','2');
Insert into SALES (SALE_ID,SALE_DATE,QUANTITY,PRICE,EMPLOYEE_ID,PRODUCT_ID) values ('40',to_date('23/02/05','RR/MM/DD'),'2','4,2','155','2');
Insert into SALES (SALE_ID,SALE_DATE,QUANTITY,PRICE,EMPLOYEE_ID,PRODUCT_ID) values ('41',to_date('22/01/01','RR/MM/DD'),'7','2,2','150','3');
Insert into SALES (SALE_ID,SALE_DATE,QUANTITY,PRICE,EMPLOYEE_ID,PRODUCT_ID) values ('42',to_date('22/01/02','RR/MM/DD'),'2','2,2','150','3');
Insert into SALES (SALE_ID,SALE_DATE,QUANTITY,PRICE,EMPLOYEE_ID,PRODUCT_ID) values ('43',to_date('22/01/03','RR/MM/DD'),'3','2,35','150','3');
Insert into SALES (SALE_ID,SALE_DATE,QUANTITY,PRICE,EMPLOYEE_ID,PRODUCT_ID) values ('44',to_date('22/01/04','RR/MM/DD'),'2','2,38','165','3');
Insert into SALES (SALE_ID,SALE_DATE,QUANTITY,PRICE,EMPLOYEE_ID,PRODUCT_ID) values ('45',to_date('22/01/05','RR/MM/DD'),'3','2,38','165','3');
Insert into SALES (SALE_ID,SALE_DATE,QUANTITY,PRICE,EMPLOYEE_ID,PRODUCT_ID) values ('46',to_date('22/02/01','RR/MM/DD'),'5','2,2','160','3');
Insert into SALES (SALE_ID,SALE_DATE,QUANTITY,PRICE,EMPLOYEE_ID,PRODUCT_ID) values ('47',to_date('22/02/02','RR/MM/DD'),'3','2,4','160','3');
Insert into SALES (SALE_ID,SALE_DATE,QUANTITY,PRICE,EMPLOYEE_ID,PRODUCT_ID) values ('48',to_date('22/02/03','RR/MM/DD'),'4','2,65','165','3');
Insert into SALES (SALE_ID,SALE_DATE,QUANTITY,PRICE,EMPLOYEE_ID,PRODUCT_ID) values ('49',to_date('22/02/04','RR/MM/DD'),'6','2,7','165','3');
Insert into SALES (SALE_ID,SALE_DATE,QUANTITY,PRICE,EMPLOYEE_ID,PRODUCT_ID) values ('50',to_date('22/02/05','RR/MM/DD'),'6','2,64','165','3');
Insert into SALES (SALE_ID,SALE_DATE,QUANTITY,PRICE,EMPLOYEE_ID,PRODUCT_ID) values ('51',to_date('23/01/01','RR/MM/DD'),'3','2,5','165','3');
Insert into SALES (SALE_ID,SALE_DATE,QUANTITY,PRICE,EMPLOYEE_ID,PRODUCT_ID) values ('52',to_date('23/01/02','RR/MM/DD'),'3','2,9','155','3');
Insert into SALES (SALE_ID,SALE_DATE,QUANTITY,PRICE,EMPLOYEE_ID,PRODUCT_ID) values ('53',to_date('23/01/03','RR/MM/DD'),'2','2,95','165','3');
Insert into SALES (SALE_ID,SALE_DATE,QUANTITY,PRICE,EMPLOYEE_ID,PRODUCT_ID) values ('54',to_date('23/01/04','RR/MM/DD'),'5','2,9','165','3');
Insert into SALES (SALE_ID,SALE_DATE,QUANTITY,PRICE,EMPLOYEE_ID,PRODUCT_ID) values ('55',to_date('23/01/05','RR/MM/DD'),'6','3','165','3');
Insert into SALES (SALE_ID,SALE_DATE,QUANTITY,PRICE,EMPLOYEE_ID,PRODUCT_ID) values ('56',to_date('23/02/01','RR/MM/DD'),'4','3','165','3');
Insert into SALES (SALE_ID,SALE_DATE,QUANTITY,PRICE,EMPLOYEE_ID,PRODUCT_ID) values ('57',to_date('23/02/02','RR/MM/DD'),'6','3,3','160','3');
Insert into SALES (SALE_ID,SALE_DATE,QUANTITY,PRICE,EMPLOYEE_ID,PRODUCT_ID) values ('58',to_date('23/02/03','RR/MM/DD'),'1','3,3','165','3');
Insert into SALES (SALE_ID,SALE_DATE,QUANTITY,PRICE,EMPLOYEE_ID,PRODUCT_ID) values ('59',to_date('23/02/04','RR/MM/DD'),'1','3,2','165','3');
Insert into SALES (SALE_ID,SALE_DATE,QUANTITY,PRICE,EMPLOYEE_ID,PRODUCT_ID) values ('60',to_date('23/02/05','RR/MM/DD'),'1','3,2','155','3');
Insert into SALES (SALE_ID,SALE_DATE,QUANTITY,PRICE,EMPLOYEE_ID,PRODUCT_ID) values ('61',to_date('22/01/01','RR/MM/DD'),'3','1,5','150','4');
Insert into SALES (SALE_ID,SALE_DATE,QUANTITY,PRICE,EMPLOYEE_ID,PRODUCT_ID) values ('62',to_date('22/01/02','RR/MM/DD'),'2','1,5','150','4');
Insert into SALES (SALE_ID,SALE_DATE,QUANTITY,PRICE,EMPLOYEE_ID,PRODUCT_ID) values ('63',to_date('22/01/03','RR/MM/DD'),'3','1,75','150','4');
Insert into SALES (SALE_ID,SALE_DATE,QUANTITY,PRICE,EMPLOYEE_ID,PRODUCT_ID) values ('64',to_date('22/01/04','RR/MM/DD'),'2','1,78','165','4');
Insert into SALES (SALE_ID,SALE_DATE,QUANTITY,PRICE,EMPLOYEE_ID,PRODUCT_ID) values ('65',to_date('22/01/05','RR/MM/DD'),'3','1,78','165','4');
Insert into SALES (SALE_ID,SALE_DATE,QUANTITY,PRICE,EMPLOYEE_ID,PRODUCT_ID) values ('66',to_date('22/02/01','RR/MM/DD'),'2','1,8','160','4');
Insert into SALES (SALE_ID,SALE_DATE,QUANTITY,PRICE,EMPLOYEE_ID,PRODUCT_ID) values ('67',to_date('22/02/02','RR/MM/DD'),'2','1,8','160','4');
Insert into SALES (SALE_ID,SALE_DATE,QUANTITY,PRICE,EMPLOYEE_ID,PRODUCT_ID) values ('68',to_date('22/02/03','RR/MM/DD'),'4','1,8','165','4');
Insert into SALES (SALE_ID,SALE_DATE,QUANTITY,PRICE,EMPLOYEE_ID,PRODUCT_ID) values ('69',to_date('22/02/04','RR/MM/DD'),'2','1,7','165','4');
Insert into SALES (SALE_ID,SALE_DATE,QUANTITY,PRICE,EMPLOYEE_ID,PRODUCT_ID) values ('70',to_date('22/02/05','RR/MM/DD'),'4','1,9','165','4');
Insert into SALES (SALE_ID,SALE_DATE,QUANTITY,PRICE,EMPLOYEE_ID,PRODUCT_ID) values ('71',to_date('23/01/01','RR/MM/DD'),'3','2,1','165','4');
Insert into SALES (SALE_ID,SALE_DATE,QUANTITY,PRICE,EMPLOYEE_ID,PRODUCT_ID) values ('72',to_date('23/01/02','RR/MM/DD'),'3','2,1','155','4');
Insert into SALES (SALE_ID,SALE_DATE,QUANTITY,PRICE,EMPLOYEE_ID,PRODUCT_ID) values ('73',to_date('23/01/03','RR/MM/DD'),'2','2,2','165','4');
Insert into SALES (SALE_ID,SALE_DATE,QUANTITY,PRICE,EMPLOYEE_ID,PRODUCT_ID) values ('74',to_date('23/01/04','RR/MM/DD'),'5','2,2','165','4');
Insert into SALES (SALE_ID,SALE_DATE,QUANTITY,PRICE,EMPLOYEE_ID,PRODUCT_ID) values ('75',to_date('23/01/05','RR/MM/DD'),'5','2,4','165','4');
Insert into SALES (SALE_ID,SALE_DATE,QUANTITY,PRICE,EMPLOYEE_ID,PRODUCT_ID) values ('76',to_date('23/02/01','RR/MM/DD'),'4','2,4','165','4');
Insert into SALES (SALE_ID,SALE_DATE,QUANTITY,PRICE,EMPLOYEE_ID,PRODUCT_ID) values ('77',to_date('23/02/02','RR/MM/DD'),'5','2,45','160','4');
Insert into SALES (SALE_ID,SALE_DATE,QUANTITY,PRICE,EMPLOYEE_ID,PRODUCT_ID) values ('78',to_date('23/02/03','RR/MM/DD'),'4','2,34','165','4');
Insert into SALES (SALE_ID,SALE_DATE,QUANTITY,PRICE,EMPLOYEE_ID,PRODUCT_ID) values ('79',to_date('23/02/04','RR/MM/DD'),'3','2,34','165','4');
Insert into SALES (SALE_ID,SALE_DATE,QUANTITY,PRICE,EMPLOYEE_ID,PRODUCT_ID) values ('80',to_date('23/02/05','RR/MM/DD'),'2','2,29','155','4');
Insert into SALES (SALE_ID,SALE_DATE,QUANTITY,PRICE,EMPLOYEE_ID,PRODUCT_ID) values ('81',to_date('22/01/01','RR/MM/DD'),'1','31,5','150','5');
Insert into SALES (SALE_ID,SALE_DATE,QUANTITY,PRICE,EMPLOYEE_ID,PRODUCT_ID) values ('82',to_date('22/01/02','RR/MM/DD'),'1','31,5','150','5');
Insert into SALES (SALE_ID,SALE_DATE,QUANTITY,PRICE,EMPLOYEE_ID,PRODUCT_ID) values ('83',to_date('22/01/03','RR/MM/DD'),'1','33,75','150','5');
Insert into SALES (SALE_ID,SALE_DATE,QUANTITY,PRICE,EMPLOYEE_ID,PRODUCT_ID) values ('84',to_date('22/01/04','RR/MM/DD'),'1','33,78','165','5');
Insert into SALES (SALE_ID,SALE_DATE,QUANTITY,PRICE,EMPLOYEE_ID,PRODUCT_ID) values ('85',to_date('22/01/05','RR/MM/DD'),'2','33,78','155','5');
Insert into SALES (SALE_ID,SALE_DATE,QUANTITY,PRICE,EMPLOYEE_ID,PRODUCT_ID) values ('86',to_date('22/02/01','RR/MM/DD'),'1','34,8','160','5');
Insert into SALES (SALE_ID,SALE_DATE,QUANTITY,PRICE,EMPLOYEE_ID,PRODUCT_ID) values ('87',to_date('22/02/02','RR/MM/DD'),'1','34,8','150','5');
Insert into SALES (SALE_ID,SALE_DATE,QUANTITY,PRICE,EMPLOYEE_ID,PRODUCT_ID) values ('88',to_date('22/02/03','RR/MM/DD'),'1','34,8','160','5');
Insert into SALES (SALE_ID,SALE_DATE,QUANTITY,PRICE,EMPLOYEE_ID,PRODUCT_ID) values ('89',to_date('22/02/04','RR/MM/DD'),'1','35,7','160','5');
Insert into SALES (SALE_ID,SALE_DATE,QUANTITY,PRICE,EMPLOYEE_ID,PRODUCT_ID) values ('90',to_date('22/02/05','RR/MM/DD'),'2','35,9','165','5');
Insert into SALES (SALE_ID,SALE_DATE,QUANTITY,PRICE,EMPLOYEE_ID,PRODUCT_ID) values ('91',to_date('23/01/01','RR/MM/DD'),'3','42,1','165','5');
Insert into SALES (SALE_ID,SALE_DATE,QUANTITY,PRICE,EMPLOYEE_ID,PRODUCT_ID) values ('92',to_date('23/01/02','RR/MM/DD'),'2','42,1','150','5');
Insert into SALES (SALE_ID,SALE_DATE,QUANTITY,PRICE,EMPLOYEE_ID,PRODUCT_ID) values ('93',to_date('23/01/03','RR/MM/DD'),'2','43,2','160','5');
Insert into SALES (SALE_ID,SALE_DATE,QUANTITY,PRICE,EMPLOYEE_ID,PRODUCT_ID) values ('94',to_date('23/01/04','RR/MM/DD'),'2','44,2','160','5');
Insert into SALES (SALE_ID,SALE_DATE,QUANTITY,PRICE,EMPLOYEE_ID,PRODUCT_ID) values ('95',to_date('23/01/05','RR/MM/DD'),'3','44,4','165','5');
Insert into SALES (SALE_ID,SALE_DATE,QUANTITY,PRICE,EMPLOYEE_ID,PRODUCT_ID) values ('96',to_date('23/02/01','RR/MM/DD'),'1','45,4','155','5');
Insert into SALES (SALE_ID,SALE_DATE,QUANTITY,PRICE,EMPLOYEE_ID,PRODUCT_ID) values ('97',to_date('23/02/02','RR/MM/DD'),'1','48,45','160','5');
Insert into SALES (SALE_ID,SALE_DATE,QUANTITY,PRICE,EMPLOYEE_ID,PRODUCT_ID) values ('98',to_date('23/02/03','RR/MM/DD'),'1','45,34','155','5');
Insert into SALES (SALE_ID,SALE_DATE,QUANTITY,PRICE,EMPLOYEE_ID,PRODUCT_ID) values ('99',to_date('23/02/04','RR/MM/DD'),'1','44,34','160','5');
Insert into SALES (SALE_ID,SALE_DATE,QUANTITY,PRICE,EMPLOYEE_ID,PRODUCT_ID) values ('100',to_date('23/02/05','RR/MM/DD'),'2','44,29','155','5');
Insert into SALES (SALE_ID,SALE_DATE,QUANTITY,PRICE,EMPLOYEE_ID,PRODUCT_ID) values ('101',to_date('22/01/01','RR/MM/DD'),'1','11,5','155','6');
Insert into SALES (SALE_ID,SALE_DATE,QUANTITY,PRICE,EMPLOYEE_ID,PRODUCT_ID) values ('102',to_date('22/01/02','RR/MM/DD'),'1','11,5','155','6');
Insert into SALES (SALE_ID,SALE_DATE,QUANTITY,PRICE,EMPLOYEE_ID,PRODUCT_ID) values ('103',to_date('22/01/03','RR/MM/DD'),'0','13,75','150','6');
Insert into SALES (SALE_ID,SALE_DATE,QUANTITY,PRICE,EMPLOYEE_ID,PRODUCT_ID) values ('104',to_date('22/01/04','RR/MM/DD'),'1','13,78','160','6');
Insert into SALES (SALE_ID,SALE_DATE,QUANTITY,PRICE,EMPLOYEE_ID,PRODUCT_ID) values ('105',to_date('22/01/05','RR/MM/DD'),'1','13,78','150','6');
Insert into SALES (SALE_ID,SALE_DATE,QUANTITY,PRICE,EMPLOYEE_ID,PRODUCT_ID) values ('106',to_date('22/02/01','RR/MM/DD'),'2','14,8','160','6');
Insert into SALES (SALE_ID,SALE_DATE,QUANTITY,PRICE,EMPLOYEE_ID,PRODUCT_ID) values ('107',to_date('22/02/02','RR/MM/DD'),'2','14,8','150','6');
Insert into SALES (SALE_ID,SALE_DATE,QUANTITY,PRICE,EMPLOYEE_ID,PRODUCT_ID) values ('108',to_date('22/02/03','RR/MM/DD'),'2','14,8','165','6');
Insert into SALES (SALE_ID,SALE_DATE,QUANTITY,PRICE,EMPLOYEE_ID,PRODUCT_ID) values ('109',to_date('22/02/04','RR/MM/DD'),'2','15,7','165','6');
Insert into SALES (SALE_ID,SALE_DATE,QUANTITY,PRICE,EMPLOYEE_ID,PRODUCT_ID) values ('110',to_date('22/02/05','RR/MM/DD'),'1','15,9','160','6');
Insert into SALES (SALE_ID,SALE_DATE,QUANTITY,PRICE,EMPLOYEE_ID,PRODUCT_ID) values ('111',to_date('23/01/01','RR/MM/DD'),'2','22,1','160','6');
Insert into SALES (SALE_ID,SALE_DATE,QUANTITY,PRICE,EMPLOYEE_ID,PRODUCT_ID) values ('112',to_date('23/01/02','RR/MM/DD'),'1','22,1','150','6');
Insert into SALES (SALE_ID,SALE_DATE,QUANTITY,PRICE,EMPLOYEE_ID,PRODUCT_ID) values ('113',to_date('23/01/03','RR/MM/DD'),'1','23,2','165','6');
Insert into SALES (SALE_ID,SALE_DATE,QUANTITY,PRICE,EMPLOYEE_ID,PRODUCT_ID) values ('114',to_date('23/01/04','RR/MM/DD'),'4','24,2','160','6');
Insert into SALES (SALE_ID,SALE_DATE,QUANTITY,PRICE,EMPLOYEE_ID,PRODUCT_ID) values ('115',to_date('23/01/05','RR/MM/DD'),'4','24,4','150','6');
Insert into SALES (SALE_ID,SALE_DATE,QUANTITY,PRICE,EMPLOYEE_ID,PRODUCT_ID) values ('116',to_date('23/02/01','RR/MM/DD'),'2','25,4','155','6');
Insert into SALES (SALE_ID,SALE_DATE,QUANTITY,PRICE,EMPLOYEE_ID,PRODUCT_ID) values ('117',to_date('23/02/02','RR/MM/DD'),'3','28,45','150','6');
Insert into SALES (SALE_ID,SALE_DATE,QUANTITY,PRICE,EMPLOYEE_ID,PRODUCT_ID) values ('118',to_date('23/02/03','RR/MM/DD'),'1','25,34','160','6');
Insert into SALES (SALE_ID,SALE_DATE,QUANTITY,PRICE,EMPLOYEE_ID,PRODUCT_ID) values ('119',to_date('23/02/04','RR/MM/DD'),'1','24,34','160','6');
Insert into SALES (SALE_ID,SALE_DATE,QUANTITY,PRICE,EMPLOYEE_ID,PRODUCT_ID) values ('120',to_date('23/02/05','RR/MM/DD'),'1','24,29','155','6');
